start,end,Bz_min,duration_h
2015-01-03 00:40:00+00:00,2015-01-03 00:55:00+00:00,-10.28,0.25
2015-01-07 07:30:00+00:00,2015-01-07 07:50:00+00:00,-10.24,0.3333333333333333
2015-01-07 08:20:00+00:00,2015-01-07 08:40:00+00:00,-10.09,0.3333333333333333
2015-01-26 08:40:00+00:00,2015-01-26 09:10:00+00:00,-11.52,0.5
2015-01-26 09:55:00+00:00,2015-01-26 10:00:00+00:00,-10.9,0.08333333333333333
2015-02-01 23:50:00+00:00,2015-02-01 23:50:00+00:00,-10.13,0.0
2015-02-02 01:15:00+00:00,2015-02-02 01:15:00+00:00,-10.88,0.0
2015-02-02 01:25:00+00:00,2015-02-02 01:25:00+00:00,-10.88,0.0
2015-02-17 20:45:00+00:00,2015-02-17 20:50:00+00:00,-10.52,0.08333333333333333
2015-02-17 21:20:00+00:00,2015-02-17 21:25:00+00:00,-11.68,0.08333333333333333
2015-02-17 21:35:00+00:00,2015-02-17 21:50:00+00:00,-11.69,0.25
2015-02-23 12:00:00+00:00,2015-02-23 12:00:00+00:00,-10.26,0.0
2015-02-23 16:25:00+00:00,2015-02-23 16:25:00+00:00,-10.13,0.0
2015-02-24 01:10:00+00:00,2015-02-24 01:45:00+00:00,-11.58,0.5833333333333334
2015-02-24 01:55:00+00:00,2015-02-24 01:55:00+00:00,-10.54,0.0
2015-02-24 02:25:00+00:00,2015-02-24 02:25:00+00:00,-10.19,0.0
2015-02-24 02:35:00+00:00,2015-02-24 02:35:00+00:00,-10.49,0.0
2015-02-24 02:50:00+00:00,2015-02-24 03:00:00+00:00,-11.42,0.16666666666666666
2015-02-24 03:15:00+00:00,2015-02-24 03:15:00+00:00,-10.65,0.0
2015-03-16 02:30:00+00:00,2015-03-16 02:30:00+00:00,-10.15,0.0
2015-03-17 06:05:00+00:00,2015-03-17 06:30:00+00:00,-11.42,0.4166666666666667
2015-03-17 12:10:00+00:00,2015-03-17 12:15:00+00:00,-10.82,0.08333333333333333
2015-03-17 13:45:00+00:00,2015-03-17 14:05:00+00:00,-10.248095238095239,0.3333333333333333
2015-03-17 19:00:00+00:00,2015-03-17 19:00:00+00:00,-11.4,0.0
2015-03-17 22:20:00+00:00,2015-03-17 22:20:00+00:00,-11.25,0.0
2015-03-17 22:30:00+00:00,2015-03-17 22:50:00+00:00,-11.32,0.3333333333333333
2015-03-17 23:00:00+00:00,2015-03-17 23:10:00+00:00,-11.23,0.16666666666666666
2015-04-01 21:30:00+00:00,2015-04-01 21:30:00+00:00,-10.7,0.0
2015-04-09 23:40:00+00:00,2015-04-09 23:40:00+00:00,-10.06,0.0
2015-04-10 19:20:00+00:00,2015-04-10 19:20:00+00:00,-10.07,0.0
2015-04-10 19:30:00+00:00,2015-04-10 21:05:00+00:00,-11.72,1.5833333333333333
2015-04-10 21:25:00+00:00,2015-04-10 21:30:00+00:00,-10.46,0.08333333333333333
2015-04-10 23:15:00+00:00,2015-04-11 01:15:00+00:00,-11.32,2.0
2015-04-11 01:25:00+00:00,2015-04-11 01:30:00+00:00,-10.23,0.08333333333333333
2015-04-11 01:45:00+00:00,2015-04-11 01:55:00+00:00,-10.41,0.16666666666666666
2015-04-11 02:20:00+00:00,2015-04-11 02:20:00+00:00,-10.09,0.0
2015-04-11 02:30:00+00:00,2015-04-11 03:30:00+00:00,-10.96,1.0
2015-04-11 03:55:00+00:00,2015-04-11 03:55:00+00:00,-10.13,0.0
2015-04-14 14:10:00+00:00,2015-04-14 14:10:00+00:00,-10.06,0.0
2015-04-14 16:50:00+00:00,2015-04-14 16:50:00+00:00,-10.3,0.0
2015-04-14 22:05:00+00:00,2015-04-14 22:05:00+00:00,-10.02,0.0
2015-04-15 10:30:00+00:00,2015-04-15 10:30:00+00:00,-10.13,0.0
2015-04-15 13:05:00+00:00,2015-04-15 13:05:00+00:00,-10.11,0.0
2015-04-21 00:20:00+00:00,2015-04-21 00:20:00+00:00,-10.2,0.0
2015-05-06 02:25:00+00:00,2015-05-06 02:30:00+00:00,-10.92,0.08333333333333333
2015-05-06 13:05:00+00:00,2015-05-06 13:15:00+00:00,-10.95,0.16666666666666666
2015-05-06 15:00:00+00:00,2015-05-06 15:05:00+00:00,-10.79,0.08333333333333333
2015-05-06 15:55:00+00:00,2015-05-06 16:00:00+00:00,-11.28,0.08333333333333333
2015-05-10 23:15:00+00:00,2015-05-10 23:20:00+00:00,-10.25,0.08333333333333333
2015-05-10 23:30:00+00:00,2015-05-11 00:50:00+00:00,-11.19,1.3333333333333333
2015-05-11 01:00:00+00:00,2015-05-11 01:10:00+00:00,-10.19,0.16666666666666666
2015-05-11 01:50:00+00:00,2015-05-11 01:55:00+00:00,-10.1,0.08333333333333333
2015-05-13 05:10:00+00:00,2015-05-13 05:25:00+00:00,-11.67,0.25
2015-05-18 22:35:00+00:00,2015-05-18 22:40:00+00:00,-11.45,0.08333333333333333
2015-05-19 01:25:00+00:00,2015-05-19 01:45:00+00:00,-11.06,0.3333333333333333
2015-06-08 03:25:00+00:00,2015-06-08 03:25:00+00:00,-10.87,0.0
2015-06-08 05:40:00+00:00,2015-06-08 05:50:00+00:00,-10.83,0.16666666666666666
2015-06-08 07:00:00+00:00,2015-06-08 07:05:00+00:00,-10.31,0.08333333333333333
2015-06-22 07:10:00+00:00,2015-06-22 07:15:00+00:00,-10.66,0.08333333333333333
2015-06-22 14:10:00+00:00,2015-06-22 14:15:00+00:00,-11.28,0.08333333333333333
2015-06-22 15:05:00+00:00,2015-06-22 15:25:00+00:00,-11.24,0.3333333333333333
2015-06-22 18:45:00+00:00,2015-06-22 18:45:00+00:00,-10.47,0.0
2015-06-22 21:00:00+00:00,2015-06-22 21:00:00+00:00,-11.64,0.0
2015-06-23 00:50:00+00:00,2015-06-23 01:05:00+00:00,-11.37,0.25
2015-06-23 07:25:00+00:00,2015-06-23 07:25:00+00:00,-10.65,0.0
2015-06-23 08:30:00+00:00,2015-06-23 08:55:00+00:00,-11.6,0.4166666666666667
2015-06-23 11:00:00+00:00,2015-06-23 11:05:00+00:00,-11.24,0.08333333333333333
2015-06-23 11:30:00+00:00,2015-06-23 11:40:00+00:00,-10.95,0.16666666666666666
2015-06-23 11:50:00+00:00,2015-06-23 11:55:00+00:00,-10.74,0.08333333333333333
2015-06-25 08:45:00+00:00,2015-06-25 08:45:00+00:00,-10.44,0.0
2015-07-04 16:10:00+00:00,2015-07-04 16:10:00+00:00,-10.03,0.0
2015-07-04 18:10:00+00:00,2015-07-04 18:10:00+00:00,-10.29,0.0
2015-07-04 18:25:00+00:00,2015-07-04 18:30:00+00:00,-11.13,0.08333333333333333
2015-07-04 20:15:00+00:00,2015-07-04 20:35:00+00:00,-10.59,0.3333333333333333
2015-07-04 21:10:00+00:00,2015-07-04 21:15:00+00:00,-11.57,0.08333333333333333
2015-07-05 00:50:00+00:00,2015-07-05 01:10:00+00:00,-11.35,0.3333333333333333
2015-07-05 03:15:00+00:00,2015-07-05 03:40:00+00:00,-11.28,0.4166666666666667
2015-07-05 03:55:00+00:00,2015-07-05 04:00:00+00:00,-10.3,0.08333333333333333
2015-07-11 00:00:00+00:00,2015-07-11 00:05:00+00:00,-11.69,0.08333333333333333
2015-07-11 01:05:00+00:00,2015-07-11 01:10:00+00:00,-11.35,0.08333333333333333
2015-07-11 02:55:00+00:00,2015-07-11 02:55:00+00:00,-11.27,0.0
2015-07-23 04:40:00+00:00,2015-07-23 05:00:00+00:00,-10.88,0.3333333333333333
2015-07-23 05:15:00+00:00,2015-07-23 05:50:00+00:00,-10.8,0.5833333333333334
2015-07-23 06:00:00+00:00,2015-07-23 06:00:00+00:00,-10.39,0.0
2015-07-23 06:30:00+00:00,2015-07-23 06:35:00+00:00,-10.16,0.08333333333333333
2015-07-23 06:45:00+00:00,2015-07-23 07:05:00+00:00,-10.52,0.3333333333333333
2015-07-23 07:20:00+00:00,2015-07-23 07:35:00+00:00,-10.31,0.25
2015-07-23 07:45:00+00:00,2015-07-23 07:45:00+00:00,-10.17,0.0
2015-07-23 08:00:00+00:00,2015-07-23 08:00:00+00:00,-10.06,0.0
2015-08-15 10:55:00+00:00,2015-08-15 11:15:00+00:00,-11.318888888888889,0.3333333333333333
2015-08-15 11:40:00+00:00,2015-08-15 11:50:00+00:00,-11.38,0.16666666666666666
2015-08-15 12:10:00+00:00,2015-08-15 12:15:00+00:00,-10.75,0.08333333333333333
2015-08-23 07:05:00+00:00,2015-08-23 07:35:00+00:00,-11.73,0.5
2015-08-23 07:50:00+00:00,2015-08-23 07:50:00+00:00,-11.42,0.0
2015-08-27 01:25:00+00:00,2015-08-27 02:25:00+00:00,-10.37,1.0
2015-08-27 03:30:00+00:00,2015-08-27 04:05:00+00:00,-11.635,0.5833333333333334
2015-08-27 04:25:00+00:00,2015-08-27 04:25:00+00:00,-11.66,0.0
2015-08-27 06:10:00+00:00,2015-08-27 06:10:00+00:00,-10.3,0.0
2015-08-27 17:25:00+00:00,2015-08-27 19:40:00+00:00,-11.39,2.25
2015-08-27 20:25:00+00:00,2015-08-27 21:05:00+00:00,-11.67,0.6666666666666666
2015-08-27 21:40:00+00:00,2015-08-27 23:20:00+00:00,-11.59,1.6666666666666667
2015-08-27 23:45:00+00:00,2015-08-27 23:55:00+00:00,-11.65,0.16666666666666666
2015-08-28 02:30:00+00:00,2015-08-28 02:50:00+00:00,-11.456363636363637,0.3333333333333333
2015-08-28 05:15:00+00:00,2015-08-28 06:10:00+00:00,-11.75,0.9166666666666666
2015-08-28 06:20:00+00:00,2015-08-28 06:25:00+00:00,-10.33,0.08333333333333333
2015-08-28 06:35:00+00:00,2015-08-28 06:55:00+00:00,-10.73,0.3333333333333333
2015-08-28 07:10:00+00:00,2015-08-28 08:10:00+00:00,-11.56,1.0
2015-08-28 08:40:00+00:00,2015-08-28 09:20:00+00:00,-10.81,0.6666666666666666
2015-08-28 09:45:00+00:00,2015-08-28 10:30:00+00:00,-11.67,0.75
2015-08-28 12:05:00+00:00,2015-08-28 12:20:00+00:00,-10.9,0.25
2015-08-28 13:30:00+00:00,2015-08-28 13:35:00+00:00,-10.74,0.08333333333333333
2015-08-28 14:30:00+00:00,2015-08-28 14:35:00+00:00,-10.58,0.08333333333333333
2015-08-28 15:05:00+00:00,2015-08-28 15:10:00+00:00,-10.92,0.08333333333333333
2015-08-28 15:25:00+00:00,2015-08-28 15:25:00+00:00,-10.77,0.0
2015-08-28 15:50:00+00:00,2015-08-28 17:15:00+00:00,-11.59,1.4166666666666667
2015-09-03 23:25:00+00:00,2015-09-03 23:25:00+00:00,-10.45,0.0
2015-10-07 16:00:00+00:00,2015-10-07 16:00:00+00:00,-10.31,0.0
2015-10-07 17:25:00+00:00,2015-10-07 17:35:00+00:00,-11.32,0.16666666666666666
2015-10-07 18:05:00+00:00,2015-10-07 18:05:00+00:00,-10.38,0.0
2015-10-07 19:30:00+00:00,2015-10-07 19:30:00+00:00,-10.46,0.0
2015-10-07 20:10:00+00:00,2015-10-07 20:10:00+00:00,-10.69,0.0
2015-10-18 07:05:00+00:00,2015-10-18 07:05:00+00:00,-10.12,0.0
2015-11-03 01:30:00+00:00,2015-11-03 01:30:00+00:00,-10.09,0.0
2015-11-03 09:05:00+00:00,2015-11-03 09:05:00+00:00,-10.16,0.0
2015-11-06 23:20:00+00:00,2015-11-06 23:20:00+00:00,-10.37,0.0
2015-11-07 03:35:00+00:00,2015-11-07 03:35:00+00:00,-10.77,0.0
2015-11-07 07:15:00+00:00,2015-11-07 07:40:00+00:00,-11.0,0.4166666666666667
2015-11-07 08:20:00+00:00,2015-11-07 09:15:00+00:00,-10.93,0.9166666666666666
2015-11-07 09:30:00+00:00,2015-11-07 09:35:00+00:00,-10.19,0.08333333333333333
2015-11-07 11:20:00+00:00,2015-11-07 11:30:00+00:00,-10.66,0.16666666666666666
2015-11-07 11:45:00+00:00,2015-11-07 11:45:00+00:00,-10.06,0.0
2015-11-07 12:00:00+00:00,2015-11-07 12:15:00+00:00,-11.29,0.25
2015-11-28 12:20:00+00:00,2015-11-28 12:20:00+00:00,-10.25,0.0
2015-11-28 20:40:00+00:00,2015-11-28 21:05:00+00:00,-11.48,0.4166666666666667
2015-11-30 08:20:00+00:00,2015-11-30 08:25:00+00:00,-10.62,0.08333333333333333
2015-12-14 15:55:00+00:00,2015-12-14 15:55:00+00:00,-10.19,0.0
2015-12-14 16:05:00+00:00,2015-12-14 16:30:00+00:00,-11.58,0.4166666666666667
2015-12-14 17:05:00+00:00,2015-12-14 17:15:00+00:00,-11.41,0.16666666666666666
2015-12-14 21:05:00+00:00,2015-12-14 21:05:00+00:00,-10.64,0.0
2015-12-20 07:10:00+00:00,2015-12-20 08:20:00+00:00,-11.66,1.1666666666666667
2015-12-20 13:10:00+00:00,2015-12-20 13:30:00+00:00,-11.32,0.3333333333333333
2015-12-20 14:20:00+00:00,2015-12-20 15:10:00+00:00,-11.53,0.8333333333333334
2015-12-21 05:35:00+00:00,2015-12-21 05:35:00+00:00,-10.02,0.0
2015-12-21 05:50:00+00:00,2015-12-21 05:50:00+00:00,-11.17,0.0
2015-12-21 06:15:00+00:00,2015-12-21 06:50:00+00:00,-11.44,0.5833333333333334
2015-12-21 08:20:00+00:00,2015-12-21 08:20:00+00:00,-10.59,0.0
2015-12-21 08:55:00+00:00,2015-12-21 09:20:00+00:00,-11.62,0.4166666666666667
2015-12-31 08:50:00+00:00,2015-12-31 08:50:00+00:00,-10.72,0.0
2015-12-31 11:25:00+00:00,2015-12-31 12:30:00+00:00,-11.72,1.0833333333333333
2015-12-31 13:15:00+00:00,2015-12-31 13:45:00+00:00,-11.19,0.5
2015-12-31 13:55:00+00:00,2015-12-31 13:55:00+00:00,-10.92,0.0
2015-12-31 19:25:00+00:00,2015-12-31 19:50:00+00:00,-11.73,0.4166666666666667
2016-01-01 05:15:00+00:00,2016-01-01 05:50:00+00:00,-11.61,0.5833333333333334
2016-01-06 00:25:00+00:00,2016-01-06 00:30:00+00:00,-10.06,0.08333333333333333
2016-01-18 23:50:00+00:00,2016-01-19 00:10:00+00:00,-11.04,0.3333333333333333
2016-01-20 06:35:00+00:00,2016-01-20 06:35:00+00:00,-10.06,0.0
2016-01-20 07:40:00+00:00,2016-01-20 07:40:00+00:00,-11.23,0.0
2016-01-20 07:55:00+00:00,2016-01-20 08:05:00+00:00,-11.25,0.16666666666666666
2016-01-20 08:15:00+00:00,2016-01-20 08:40:00+00:00,-10.928888888888888,0.4166666666666667
2016-01-20 09:05:00+00:00,2016-01-20 09:10:00+00:00,-11.49,0.08333333333333333
2016-01-20 09:20:00+00:00,2016-01-20 10:05:00+00:00,-11.57,0.75
2016-01-20 10:25:00+00:00,2016-01-20 10:40:00+00:00,-11.65,0.25
2016-01-20 10:55:00+00:00,2016-01-20 10:55:00+00:00,-10.09,0.0
2016-01-20 12:15:00+00:00,2016-01-20 12:15:00+00:00,-10.18,0.0
2016-01-20 14:35:00+00:00,2016-01-20 14:50:00+00:00,-10.7,0.25
2016-01-20 15:00:00+00:00,2016-01-20 15:30:00+00:00,-11.36,0.5
2016-01-20 15:40:00+00:00,2016-01-20 15:50:00+00:00,-11.14,0.16666666666666666
2016-01-20 16:00:00+00:00,2016-01-20 17:15:00+00:00,-11.52,1.25
2016-01-20 17:35:00+00:00,2016-01-20 17:35:00+00:00,-10.23,0.0
2016-01-20 17:50:00+00:00,2016-01-20 17:50:00+00:00,-10.36,0.0
2016-01-20 18:05:00+00:00,2016-01-20 18:45:00+00:00,-11.57,0.6666666666666666
2016-01-20 20:45:00+00:00,2016-01-20 20:55:00+00:00,-10.81,0.16666666666666666
2016-01-21 01:05:00+00:00,2016-01-21 01:10:00+00:00,-11.53,0.08333333333333333
2016-01-21 04:40:00+00:00,2016-01-21 04:40:00+00:00,-10.144285714285715,0.0
2016-01-21 04:55:00+00:00,2016-01-21 04:55:00+00:00,-11.58,0.0
2016-02-12 10:10:00+00:00,2016-02-12 10:15:00+00:00,-10.59,0.08333333333333333
2016-02-13 05:30:00+00:00,2016-02-13 05:50:00+00:00,-11.049999999999999,0.3333333333333333
2016-02-13 06:00:00+00:00,2016-02-13 06:10:00+00:00,-11.44,0.16666666666666666
2016-02-16 17:00:00+00:00,2016-02-16 17:00:00+00:00,-10.13,0.0
2016-03-06 15:30:00+00:00,2016-03-06 15:30:00+00:00,-10.73,0.0
2016-03-06 15:55:00+00:00,2016-03-06 15:55:00+00:00,-10.59,0.0
2016-03-06 16:50:00+00:00,2016-03-06 16:55:00+00:00,-11.39,0.08333333333333333
2016-03-06 17:10:00+00:00,2016-03-06 17:10:00+00:00,-10.47,0.0
2016-03-06 18:00:00+00:00,2016-03-06 18:00:00+00:00,-11.31,0.0
2016-03-06 18:40:00+00:00,2016-03-06 18:45:00+00:00,-11.46,0.08333333333333333
2016-03-06 19:20:00+00:00,2016-03-06 19:25:00+00:00,-11.28,0.08333333333333333
2016-03-11 13:25:00+00:00,2016-03-11 13:30:00+00:00,-10.35,0.08333333333333333
2016-03-11 13:50:00+00:00,2016-03-11 13:50:00+00:00,-11.58,0.0
2016-03-11 19:40:00+00:00,2016-03-11 19:40:00+00:00,-10.77,0.0
2016-03-14 20:45:00+00:00,2016-03-14 20:45:00+00:00,-10.72,0.0
2016-04-02 15:05:00+00:00,2016-04-02 15:05:00+00:00,-10.23,0.0
2016-04-07 19:00:00+00:00,2016-04-07 19:40:00+00:00,-11.63,0.6666666666666666
2016-04-07 20:15:00+00:00,2016-04-07 20:40:00+00:00,-10.65,0.4166666666666667
2016-04-07 20:50:00+00:00,2016-04-07 22:35:00+00:00,-10.93,1.75
2016-04-22 15:25:00+00:00,2016-04-22 15:30:00+00:00,-11.6,0.08333333333333333
2016-05-08 01:20:00+00:00,2016-05-08 01:35:00+00:00,-10.77,0.25
2016-05-08 01:50:00+00:00,2016-05-08 02:05:00+00:00,-10.92,0.25
2016-05-08 03:20:00+00:00,2016-05-08 03:50:00+00:00,-11.52,0.5
2016-05-08 04:05:00+00:00,2016-05-08 05:35:00+00:00,-11.75,1.5
2016-05-08 06:05:00+00:00,2016-05-08 06:45:00+00:00,-10.83,0.6666666666666666
2016-05-08 06:55:00+00:00,2016-05-08 07:05:00+00:00,-11.21,0.16666666666666666
2016-06-05 09:25:00+00:00,2016-06-05 09:30:00+00:00,-10.88,0.08333333333333333
2016-06-05 14:15:00+00:00,2016-06-05 14:15:00+00:00,-10.46,0.0
2016-06-05 15:20:00+00:00,2016-06-05 15:20:00+00:00,-11.57,0.0
2016-06-14 19:05:00+00:00,2016-06-14 19:25:00+00:00,-11.7,0.3333333333333333
2016-06-14 20:25:00+00:00,2016-06-14 20:30:00+00:00,-10.79,0.08333333333333333
2016-06-14 20:50:00+00:00,2016-06-14 20:50:00+00:00,-10.39,0.0
2016-07-07 04:00:00+00:00,2016-07-07 04:00:00+00:00,-10.7,0.0
2016-07-07 22:40:00+00:00,2016-07-07 22:40:00+00:00,-10.04,0.0
2016-07-20 01:10:00+00:00,2016-07-20 01:10:00+00:00,-11.62,0.0
2016-07-20 02:25:00+00:00,2016-07-20 02:25:00+00:00,-10.19,0.0
2016-07-20 02:35:00+00:00,2016-07-20 02:35:00+00:00,-10.33,0.0
2016-07-20 03:15:00+00:00,2016-07-20 03:15:00+00:00,-10.17,0.0
2016-07-20 03:25:00+00:00,2016-07-20 03:25:00+00:00,-11.21,0.0
2016-07-20 04:50:00+00:00,2016-07-20 04:50:00+00:00,-10.3,0.0
2016-07-24 21:00:00+00:00,2016-07-24 21:00:00+00:00,-10.25,0.0
2016-07-29 01:15:00+00:00,2016-07-29 01:15:00+00:00,-10.5,0.0
2016-08-02 21:25:00+00:00,2016-08-02 21:40:00+00:00,-11.61,0.25
2016-08-03 04:40:00+00:00,2016-08-03 05:00:00+00:00,-10.79,0.3333333333333333
2016-08-03 05:10:00+00:00,2016-08-03 05:10:00+00:00,-10.11,0.0
2016-08-03 05:35:00+00:00,2016-08-03 05:35:00+00:00,-10.04,0.0
2016-08-03 08:45:00+00:00,2016-08-03 09:05:00+00:00,-11.43,0.3333333333333333
2016-08-03 09:20:00+00:00,2016-08-03 09:35:00+00:00,-11.22,0.25
2016-08-03 09:45:00+00:00,2016-08-03 10:00:00+00:00,-11.75,0.25
2016-08-16 21:30:00+00:00,2016-08-16 21:40:00+00:00,-11.52,0.16666666666666666
2016-08-21 14:05:00+00:00,2016-08-21 14:05:00+00:00,-10.24,0.0
2016-08-21 14:30:00+00:00,2016-08-21 15:00:00+00:00,-11.56,0.5
2016-08-23 19:05:00+00:00,2016-08-23 19:35:00+00:00,-11.456666666666667,0.5
2016-08-23 19:45:00+00:00,2016-08-23 20:15:00+00:00,-11.65,0.5
2016-08-23 21:00:00+00:00,2016-08-23 21:00:00+00:00,-10.49,0.0
2016-09-19 21:30:00+00:00,2016-09-19 21:30:00+00:00,-10.44,0.0
2016-09-20 00:55:00+00:00,2016-09-20 00:55:00+00:00,-10.19,0.0
2016-09-25 10:15:00+00:00,2016-09-25 10:20:00+00:00,-10.27,0.08333333333333333
2016-09-25 10:30:00+00:00,2016-09-25 10:45:00+00:00,-10.56,0.25
2016-10-13 06:35:00+00:00,2016-10-13 07:30:00+00:00,-11.37,0.9166666666666666
2016-11-10 14:10:00+00:00,2016-11-10 14:10:00+00:00,-10.05,0.0
2016-11-10 14:40:00+00:00,2016-11-10 14:40:00+00:00,-10.56,0.0
2016-11-12 04:35:00+00:00,2016-11-12 04:45:00+00:00,-11.4,0.16666666666666666
2016-12-17 23:10:00+00:00,2016-12-17 23:15:00+00:00,-10.32,0.08333333333333333
2016-12-21 10:00:00+00:00,2016-12-21 10:00:00+00:00,-10.59,0.0
2016-12-31 10:35:00+00:00,2016-12-31 11:05:00+00:00,-11.63,0.5
2016-12-31 13:15:00+00:00,2016-12-31 13:15:00+00:00,-10.27,0.0
2016-12-31 19:40:00+00:00,2016-12-31 19:40:00+00:00,-11.13,0.0
2017-01-18 04:40:00+00:00,2017-01-18 04:40:00+00:00,-10.25,0.0
2017-01-18 07:05:00+00:00,2017-01-18 07:10:00+00:00,-11.07,0.08333333333333333
2017-01-26 13:10:00+00:00,2017-01-26 13:20:00+00:00,-10.38,0.16666666666666666
2017-01-26 22:55:00+00:00,2017-01-26 22:55:00+00:00,-10.15,0.0
2017-01-31 15:00:00+00:00,2017-01-31 15:00:00+00:00,-11.09,0.0
2017-02-24 00:00:00+00:00,2017-02-24 00:05:00+00:00,-10.32,0.08333333333333333
2017-03-21 06:40:00+00:00,2017-03-21 06:55:00+00:00,-11.53,0.25
2017-03-27 06:20:00+00:00,2017-03-27 06:20:00+00:00,-10.99,0.0
2017-03-27 09:15:00+00:00,2017-03-27 09:15:00+00:00,-11.01,0.0
2017-03-27 09:55:00+00:00,2017-03-27 10:00:00+00:00,-10.56,0.08333333333333333
2017-04-04 05:05:00+00:00,2017-04-04 05:30:00+00:00,-11.74,0.4166666666666667
2017-04-04 05:50:00+00:00,2017-04-04 06:30:00+00:00,-11.14,0.6666666666666666
2017-04-04 08:40:00+00:00,2017-04-04 08:45:00+00:00,-10.98,0.08333333333333333
2017-04-04 09:05:00+00:00,2017-04-04 09:15:00+00:00,-11.0,0.16666666666666666
2017-04-04 10:20:00+00:00,2017-04-04 10:40:00+00:00,-11.63,0.3333333333333333
2017-04-18 23:10:00+00:00,2017-04-18 23:10:00+00:00,-11.45,0.0
2017-04-19 01:50:00+00:00,2017-04-19 02:10:00+00:00,-11.35,0.3333333333333333
2017-04-19 19:20:00+00:00,2017-04-19 19:20:00+00:00,-10.12,0.0
2017-04-20 03:50:00+00:00,2017-04-20 03:50:00+00:00,-10.08,0.0
2017-05-20 07:10:00+00:00,2017-05-20 07:15:00+00:00,-10.58,0.08333333333333333
2017-05-20 09:00:00+00:00,2017-05-20 09:00:00+00:00,-10.35,0.0
2017-05-27 21:40:00+00:00,2017-05-27 22:00:00+00:00,-10.142136752136752,0.3333333333333333
2017-05-28 07:25:00+00:00,2017-05-28 07:30:00+00:00,-11.05,0.08333333333333333
2017-05-28 07:45:00+00:00,2017-05-28 08:10:00+00:00,-11.55,0.4166666666666667
2017-05-28 08:20:00+00:00,2017-05-28 09:25:00+00:00,-11.59,1.0833333333333333
2017-05-28 09:35:00+00:00,2017-05-28 09:40:00+00:00,-10.45,0.08333333333333333
2017-05-29 13:20:00+00:00,2017-05-29 13:45:00+00:00,-11.293333333333333,0.4166666666666667
2017-05-29 14:10:00+00:00,2017-05-29 14:50:00+00:00,-11.56,0.6666666666666666
2017-06-03 12:40:00+00:00,2017-06-03 13:20:00+00:00,-11.69,0.6666666666666666
2017-06-03 13:35:00+00:00,2017-06-03 13:35:00+00:00,-10.92,0.0
2017-06-03 14:00:00+00:00,2017-06-03 14:05:00+00:00,-10.46,0.08333333333333333
2017-06-03 14:30:00+00:00,2017-06-03 14:35:00+00:00,-11.16,0.08333333333333333
2017-06-03 15:00:00+00:00,2017-06-03 15:55:00+00:00,-11.17,0.9166666666666666
2017-06-11 15:35:00+00:00,2017-06-11 16:05:00+00:00,-11.46,0.5
2017-07-09 01:35:00+00:00,2017-07-09 01:50:00+00:00,-10.87,0.25
2017-07-09 09:30:00+00:00,2017-07-09 09:55:00+00:00,-11.52,0.4166666666666667
2017-07-16 11:05:00+00:00,2017-07-16 11:10:00+00:00,-10.61,0.08333333333333333
2017-07-16 17:40:00+00:00,2017-07-16 17:40:00+00:00,-11.28,0.0
2017-07-16 20:25:00+00:00,2017-07-16 20:25:00+00:00,-10.71,0.0
2017-07-17 14:25:00+00:00,2017-07-17 15:10:00+00:00,-10.96,0.75
2017-08-03 19:35:00+00:00,2017-08-03 19:40:00+00:00,-10.24,0.08333333333333333
2017-08-04 10:15:00+00:00,2017-08-04 10:15:00+00:00,-10.33,0.0
2017-08-04 10:25:00+00:00,2017-08-04 10:25:00+00:00,-11.51,0.0
2017-08-31 07:25:00+00:00,2017-08-31 07:25:00+00:00,-11.44,0.0
2017-08-31 08:30:00+00:00,2017-08-31 08:30:00+00:00,-10.78,0.0
2017-08-31 09:30:00+00:00,2017-08-31 09:45:00+00:00,-11.72,0.25
2017-09-08 00:35:00+00:00,2017-09-08 00:55:00+00:00,-11.01,0.3333333333333333
2017-09-08 01:50:00+00:00,2017-09-08 01:55:00+00:00,-10.47,0.08333333333333333
2017-09-08 13:05:00+00:00,2017-09-08 13:25:00+00:00,-11.12,0.3333333333333333
2017-09-08 13:35:00+00:00,2017-09-08 13:35:00+00:00,-10.43,0.0
2017-09-12 23:00:00+00:00,2017-09-12 23:00:00+00:00,-10.14,0.0
2017-09-12 23:45:00+00:00,2017-09-12 23:45:00+00:00,-10.19,0.0
2017-09-14 13:45:00+00:00,2017-09-14 13:55:00+00:00,-11.42,0.16666666666666666
2017-09-27 07:20:00+00:00,2017-09-27 07:35:00+00:00,-11.51,0.25
2017-09-27 22:00:00+00:00,2017-09-27 22:00:00+00:00,-10.24,0.0
2017-10-11 11:05:00+00:00,2017-10-11 11:15:00+00:00,-11.58,0.16666666666666666
2017-11-07 04:10:00+00:00,2017-11-07 04:15:00+00:00,-10.63,0.08333333333333333
2017-11-07 08:25:00+00:00,2017-11-07 08:55:00+00:00,-11.47,0.5
2017-11-07 09:15:00+00:00,2017-11-07 09:40:00+00:00,-11.4,0.4166666666666667
2017-11-07 17:20:00+00:00,2017-11-07 17:20:00+00:00,-10.51,0.0
2017-11-07 19:10:00+00:00,2017-11-07 19:10:00+00:00,-11.4,0.0
2017-11-07 21:20:00+00:00,2017-11-07 21:25:00+00:00,-10.55,0.08333333333333333
2017-12-04 16:45:00+00:00,2017-12-04 17:30:00+00:00,-11.31,0.75
2017-12-04 17:40:00+00:00,2017-12-04 18:00:00+00:00,-11.47,0.3333333333333333
2017-12-04 18:35:00+00:00,2017-12-04 18:35:00+00:00,-10.27,0.0
2017-12-11 08:50:00+00:00,2017-12-11 08:50:00+00:00,-10.42,0.0
2017-12-17 05:45:00+00:00,2017-12-17 06:00:00+00:00,-11.52,0.25
2018-01-08 13:20:00+00:00,2018-01-08 13:20:00+00:00,-10.9,0.0
2018-01-08 14:00:00+00:00,2018-01-08 14:00:00+00:00,-11.29,0.0
2018-03-04 02:15:00+00:00,2018-03-04 02:25:00+00:00,-11.46,0.16666666666666666
2018-03-10 00:20:00+00:00,2018-03-10 00:50:00+00:00,-11.41,0.5
2018-03-10 01:05:00+00:00,2018-03-10 01:30:00+00:00,-11.19,0.4166666666666667
2018-03-10 02:00:00+00:00,2018-03-10 02:00:00+00:00,-10.06,0.0
2018-04-20 04:25:00+00:00,2018-04-20 04:25:00+00:00,-10.23,0.0
2018-04-20 04:45:00+00:00,2018-04-20 04:55:00+00:00,-11.23,0.16666666666666666
2018-04-20 06:55:00+00:00,2018-04-20 06:55:00+00:00,-10.09,0.0
2018-04-20 08:45:00+00:00,2018-04-20 08:45:00+00:00,-10.61,0.0
2018-04-20 11:10:00+00:00,2018-04-20 11:15:00+00:00,-10.28,0.08333333333333333
2018-04-20 16:35:00+00:00,2018-04-20 16:35:00+00:00,-10.59,0.0
2018-05-05 14:25:00+00:00,2018-05-05 14:25:00+00:00,-11.31,0.0
2018-05-05 15:35:00+00:00,2018-05-05 15:45:00+00:00,-10.96,0.16666666666666666
2018-05-05 16:50:00+00:00,2018-05-05 17:00:00+00:00,-11.33,0.16666666666666666
2018-05-05 21:10:00+00:00,2018-05-05 21:10:00+00:00,-11.22,0.0
2018-05-23 06:45:00+00:00,2018-05-23 06:45:00+00:00,-10.37,0.0
2018-05-31 18:00:00+00:00,2018-05-31 18:10:00+00:00,-10.85,0.16666666666666666
2018-06-18 00:25:00+00:00,2018-06-18 00:30:00+00:00,-11.53,0.08333333333333333
2018-06-18 00:45:00+00:00,2018-06-18 01:20:00+00:00,-10.23,0.5833333333333334
2018-06-18 02:10:00+00:00,2018-06-18 02:10:00+00:00,-10.64,0.0
2018-06-18 07:25:00+00:00,2018-06-18 07:25:00+00:00,-10.07,0.0
2018-06-18 07:40:00+00:00,2018-06-18 07:55:00+00:00,-10.38,0.25
2018-06-23 12:45:00+00:00,2018-06-23 12:50:00+00:00,-10.68,0.08333333333333333
2018-07-17 05:30:00+00:00,2018-07-17 05:35:00+00:00,-11.07,0.08333333333333333
2018-08-25 20:05:00+00:00,2018-08-25 20:20:00+00:00,-11.47,0.25
2018-08-25 20:40:00+00:00,2018-08-25 20:50:00+00:00,-10.93,0.16666666666666666
2018-08-25 21:10:00+00:00,2018-08-25 21:10:00+00:00,-10.12,0.0
2018-08-25 21:45:00+00:00,2018-08-25 21:45:00+00:00,-10.03,0.0
2018-08-25 22:00:00+00:00,2018-08-25 22:45:00+00:00,-11.43,0.75
2018-08-25 22:55:00+00:00,2018-08-25 23:05:00+00:00,-11.73,0.16666666666666666
2018-08-25 23:30:00+00:00,2018-08-25 23:35:00+00:00,-10.4,0.08333333333333333
2018-08-25 23:45:00+00:00,2018-08-25 23:50:00+00:00,-10.27,0.08333333333333333
2018-08-26 00:00:00+00:00,2018-08-26 00:50:00+00:00,-11.72,0.8333333333333334
2018-08-26 01:40:00+00:00,2018-08-26 02:20:00+00:00,-11.62,0.6666666666666666
2018-08-26 06:20:00+00:00,2018-08-26 06:40:00+00:00,-11.66,0.3333333333333333
2018-08-26 07:20:00+00:00,2018-08-26 07:35:00+00:00,-11.74,0.25
2018-08-26 07:45:00+00:00,2018-08-26 08:05:00+00:00,-11.67,0.3333333333333333
2018-08-26 08:15:00+00:00,2018-08-26 08:20:00+00:00,-11.11,0.08333333333333333
2018-08-26 15:10:00+00:00,2018-08-26 15:10:00+00:00,-11.31,0.0
2018-08-26 16:00:00+00:00,2018-08-26 16:00:00+00:00,-10.63,0.0
2018-09-10 20:40:00+00:00,2018-09-10 20:45:00+00:00,-10.88,0.08333333333333333
2018-09-10 22:15:00+00:00,2018-09-10 22:15:00+00:00,-10.21,0.0
2018-09-21 22:35:00+00:00,2018-09-21 22:35:00+00:00,-10.11,0.0
2018-10-07 15:05:00+00:00,2018-10-07 15:05:00+00:00,-10.91,0.0
2018-12-28 00:10:00+00:00,2018-12-28 00:10:00+00:00,-10.99,0.0
2018-12-28 06:05:00+00:00,2018-12-28 06:10:00+00:00,-10.34,0.08333333333333333
2018-12-28 06:20:00+00:00,2018-12-28 06:20:00+00:00,-10.01,0.0
2019-01-31 20:20:00+00:00,2019-01-31 20:20:00+00:00,-10.55,0.0
2019-01-31 21:40:00+00:00,2019-01-31 21:40:00+00:00,-11.74,0.0
2019-02-01 07:15:00+00:00,2019-02-01 07:25:00+00:00,-11.48,0.16666666666666666
2019-02-01 07:35:00+00:00,2019-02-01 07:35:00+00:00,-10.08,0.0
2019-05-11 07:35:00+00:00,2019-05-11 08:25:00+00:00,-11.59,0.8333333333333334
2019-05-11 09:00:00+00:00,2019-05-11 10:00:00+00:00,-10.88,1.0
2019-05-11 10:35:00+00:00,2019-05-11 11:30:00+00:00,-10.44,0.9166666666666666
2019-05-14 04:15:00+00:00,2019-05-14 04:40:00+00:00,-10.73,0.4166666666666667
2019-05-14 06:05:00+00:00,2019-05-14 06:05:00+00:00,-10.32,0.0
2019-05-14 06:15:00+00:00,2019-05-14 06:15:00+00:00,-10.14,0.0
2019-06-08 17:35:00+00:00,2019-06-08 17:40:00+00:00,-10.76,0.08333333333333333
2019-08-05 04:10:00+00:00,2019-08-05 04:10:00+00:00,-10.32,0.0
2019-10-24 10:05:00+00:00,2019-10-24 10:05:00+00:00,-10.94,0.0
2019-11-11 10:15:00+00:00,2019-11-11 10:20:00+00:00,-10.19,0.08333333333333333
2019-11-11 10:45:00+00:00,2019-11-11 10:50:00+00:00,-10.45,0.08333333333333333
2019-11-11 11:00:00+00:00,2019-11-11 11:20:00+00:00,-10.73,0.3333333333333333
2019-11-11 12:20:00+00:00,2019-11-11 12:20:00+00:00,-10.07,0.0
2020-01-05 18:05:00+00:00,2020-01-05 18:05:00+00:00,-10.02,0.0
2020-01-05 18:15:00+00:00,2020-01-05 18:30:00+00:00,-11.34,0.25
2020-05-30 05:35:00+00:00,2020-05-30 05:35:00+00:00,-10.84,0.0
2020-05-30 06:00:00+00:00,2020-05-30 06:00:00+00:00,-11.29,0.0
2020-05-30 06:20:00+00:00,2020-05-30 06:45:00+00:00,-11.17,0.4166666666666667
2020-10-23 20:15:00+00:00,2020-10-23 20:15:00+00:00,-10.14,0.0
2020-12-21 21:40:00+00:00,2020-12-21 21:45:00+00:00,-10.16,0.08333333333333333
2020-12-21 22:00:00+00:00,2020-12-21 22:00:00+00:00,-10.07,0.0
2020-12-21 22:40:00+00:00,2020-12-21 22:45:00+00:00,-11.63,0.08333333333333333
2020-12-21 23:00:00+00:00,2020-12-21 23:00:00+00:00,-11.4,0.0
2021-01-05 15:00:00+00:00,2021-01-05 15:05:00+00:00,-10.36,0.08333333333333333
2021-01-11 15:35:00+00:00,2021-01-11 15:55:00+00:00,-11.75,0.3333333333333333
2021-01-11 16:25:00+00:00,2021-01-11 16:40:00+00:00,-11.69,0.25
2021-01-11 19:50:00+00:00,2021-01-11 19:50:00+00:00,-10.3,0.0
2021-01-11 20:15:00+00:00,2021-01-11 20:15:00+00:00,-10.53,0.0
2021-02-02 02:35:00+00:00,2021-02-02 02:50:00+00:00,-11.36,0.25
2021-02-06 18:55:00+00:00,2021-02-06 18:55:00+00:00,-10.44,0.0
2021-03-01 01:30:00+00:00,2021-03-01 01:35:00+00:00,-10.79,0.08333333333333333
2021-03-01 02:50:00+00:00,2021-03-01 03:00:00+00:00,-11.66,0.16666666666666666
2021-03-01 03:35:00+00:00,2021-03-01 03:40:00+00:00,-10.5,0.08333333333333333
2021-03-01 03:55:00+00:00,2021-03-01 04:15:00+00:00,-11.55,0.3333333333333333
2021-03-01 05:05:00+00:00,2021-03-01 05:45:00+00:00,-11.65,0.6666666666666666
2021-03-20 06:05:00+00:00,2021-03-20 06:05:00+00:00,-10.54,0.0
2021-03-20 06:30:00+00:00,2021-03-20 06:55:00+00:00,-11.55,0.4166666666666667
2021-05-12 09:45:00+00:00,2021-05-12 09:45:00+00:00,-10.15,0.0
2021-05-12 11:55:00+00:00,2021-05-12 12:25:00+00:00,-11.54,0.5
2021-05-12 14:55:00+00:00,2021-05-12 15:00:00+00:00,-11.43,0.08333333333333333
2021-05-20 10:50:00+00:00,2021-05-20 10:55:00+00:00,-11.48,0.08333333333333333
2021-05-26 17:50:00+00:00,2021-05-26 17:55:00+00:00,-10.62,0.08333333333333333
2021-05-26 22:15:00+00:00,2021-05-26 23:10:00+00:00,-11.1,0.9166666666666666
2021-05-27 06:15:00+00:00,2021-05-27 06:35:00+00:00,-11.22,0.3333333333333333
2021-07-14 16:40:00+00:00,2021-07-14 17:10:00+00:00,-10.66,0.5
2021-07-14 17:25:00+00:00,2021-07-14 18:00:00+00:00,-11.64,0.5833333333333334
2021-08-02 16:45:00+00:00,2021-08-02 16:50:00+00:00,-10.85,0.08333333333333333
2021-08-02 17:10:00+00:00,2021-08-02 17:10:00+00:00,-10.03,0.0
2021-08-02 18:45:00+00:00,2021-08-02 19:45:00+00:00,-11.7,1.0
2021-08-27 19:55:00+00:00,2021-08-27 20:10:00+00:00,-11.57,0.25
2021-08-27 20:25:00+00:00,2021-08-27 20:55:00+00:00,-11.27,0.5
2021-08-27 21:05:00+00:00,2021-08-27 21:25:00+00:00,-10.43,0.3333333333333333
2021-08-27 22:10:00+00:00,2021-08-27 22:20:00+00:00,-10.9,0.16666666666666666
2021-09-17 18:55:00+00:00,2021-09-17 19:20:00+00:00,-11.566666666666666,0.4166666666666667
2021-09-17 19:30:00+00:00,2021-09-17 19:35:00+00:00,-11.73,0.08333333333333333
2021-09-17 19:45:00+00:00,2021-09-17 20:00:00+00:00,-11.22,0.25
2021-09-17 20:25:00+00:00,2021-09-17 20:40:00+00:00,-11.13,0.25
2021-09-17 20:55:00+00:00,2021-09-17 20:55:00+00:00,-10.57,0.0
2021-10-06 15:40:00+00:00,2021-10-06 15:45:00+00:00,-10.3,0.08333333333333333
2021-10-12 02:50:00+00:00,2021-10-12 03:00:00+00:00,-11.22,0.16666666666666666
2021-10-12 07:45:00+00:00,2021-10-12 07:45:00+00:00,-10.45,0.0
2021-10-12 12:15:00+00:00,2021-10-12 12:20:00+00:00,-10.71,0.08333333333333333
2021-10-12 13:40:00+00:00,2021-10-12 13:55:00+00:00,-11.39,0.25
2021-10-12 14:25:00+00:00,2021-10-12 14:35:00+00:00,-10.83,0.16666666666666666
2021-11-01 21:50:00+00:00,2021-11-01 21:50:00+00:00,-10.1,0.0
2021-11-03 20:50:00+00:00,2021-11-03 20:55:00+00:00,-11.52,0.08333333333333333
2021-11-04 05:15:00+00:00,2021-11-04 05:15:00+00:00,-10.6,0.0
2021-11-04 06:45:00+00:00,2021-11-04 06:50:00+00:00,-11.22,0.08333333333333333
2021-11-04 07:15:00+00:00,2021-11-04 07:20:00+00:00,-11.19,0.08333333333333333
2021-11-04 09:05:00+00:00,2021-11-04 09:05:00+00:00,-11.36,0.0
2021-11-15 20:10:00+00:00,2021-11-15 20:10:00+00:00,-10.79,0.0
2021-11-28 02:00:00+00:00,2021-11-28 02:20:00+00:00,-10.928571428571429,0.3333333333333333
2021-11-28 02:35:00+00:00,2021-11-28 02:35:00+00:00,-11.13,0.0
2021-12-19 17:25:00+00:00,2021-12-19 17:45:00+00:00,-11.44,0.3333333333333333
2021-12-19 18:20:00+00:00,2021-12-19 18:30:00+00:00,-11.19,0.16666666666666666
2021-12-19 21:20:00+00:00,2021-12-19 21:25:00+00:00,-10.69,0.08333333333333333
2021-12-19 21:35:00+00:00,2021-12-19 21:35:00+00:00,-10.45,0.0
2022-01-08 19:25:00+00:00,2022-01-08 19:55:00+00:00,-11.35,0.5
2022-01-14 17:50:00+00:00,2022-01-14 18:05:00+00:00,-10.98,0.25
2022-01-14 18:15:00+00:00,2022-01-14 21:20:00+00:00,-11.51,3.0833333333333335
2022-01-25 18:10:00+00:00,2022-01-25 18:10:00+00:00,-10.05,0.0
2022-02-01 22:50:00+00:00,2022-02-01 22:50:00+00:00,-10.78,0.0
2022-02-01 23:05:00+00:00,2022-02-01 23:05:00+00:00,-11.68,0.0
2022-02-01 23:20:00+00:00,2022-02-01 23:25:00+00:00,-10.7,0.08333333333333333
2022-02-03 05:00:00+00:00,2022-02-03 05:15:00+00:00,-10.64,0.25
2022-02-03 06:10:00+00:00,2022-02-03 06:55:00+00:00,-11.38,0.75
2022-02-03 07:45:00+00:00,2022-02-03 08:05:00+00:00,-10.209999999999999,0.3333333333333333
2022-02-03 10:25:00+00:00,2022-02-03 10:30:00+00:00,-10.42,0.08333333333333333
2022-02-03 10:50:00+00:00,2022-02-03 10:50:00+00:00,-10.1,0.0
2022-02-04 17:10:00+00:00,2022-02-04 17:20:00+00:00,-10.57,0.16666666666666666
2022-02-10 14:40:00+00:00,2022-02-10 16:00:00+00:00,-11.63,1.3333333333333333
2022-02-10 16:25:00+00:00,2022-02-10 16:50:00+00:00,-11.13,0.4166666666666667
2022-02-10 18:15:00+00:00,2022-02-10 18:15:00+00:00,-10.1,0.0
2022-02-11 20:05:00+00:00,2022-02-11 20:05:00+00:00,-11.05,0.0
2022-02-27 07:20:00+00:00,2022-02-27 07:40:00+00:00,-10.985714285714286,0.3333333333333333
2022-02-27 07:55:00+00:00,2022-02-27 08:00:00+00:00,-11.52,0.08333333333333333
2022-03-05 13:20:00+00:00,2022-03-05 13:20:00+00:00,-10.02,0.0
2022-03-11 00:45:00+00:00,2022-03-11 00:50:00+00:00,-10.74,0.08333333333333333
2022-03-11 01:10:00+00:00,2022-03-11 01:35:00+00:00,-11.21,0.4166666666666667
2022-03-13 12:20:00+00:00,2022-03-13 12:20:00+00:00,-10.81,0.0
2022-03-13 12:45:00+00:00,2022-03-13 13:15:00+00:00,-11.44,0.5
2022-03-13 17:30:00+00:00,2022-03-13 17:30:00+00:00,-11.34,0.0
2022-03-13 23:25:00+00:00,2022-03-13 23:25:00+00:00,-11.09,0.0
2022-03-31 03:05:00+00:00,2022-03-31 03:05:00+00:00,-11.05,0.0
2022-03-31 03:35:00+00:00,2022-03-31 03:35:00+00:00,-10.62,0.0
2022-04-01 08:35:00+00:00,2022-04-01 10:45:00+00:00,-11.71,2.1666666666666665
2022-04-01 10:55:00+00:00,2022-04-01 11:00:00+00:00,-10.92,0.08333333333333333
2022-04-09 15:25:00+00:00,2022-04-09 15:30:00+00:00,-11.63,0.08333333333333333
2022-04-09 15:45:00+00:00,2022-04-09 16:00:00+00:00,-11.65,0.25
2022-04-10 03:05:00+00:00,2022-04-10 03:05:00+00:00,-11.25,0.0
2022-04-10 05:50:00+00:00,2022-04-10 06:05:00+00:00,-11.22,0.25
2022-04-14 13:55:00+00:00,2022-04-14 14:00:00+00:00,-10.28,0.08333333333333333
2022-04-14 14:10:00+00:00,2022-04-14 15:40:00+00:00,-11.71,1.5
2022-04-14 16:25:00+00:00,2022-04-14 16:25:00+00:00,-10.17,0.0
2022-04-14 16:35:00+00:00,2022-04-14 18:30:00+00:00,-11.65,1.9166666666666667
2022-04-14 18:40:00+00:00,2022-04-14 18:50:00+00:00,-10.24,0.16666666666666666
2022-04-14 19:05:00+00:00,2022-04-14 19:05:00+00:00,-10.02,0.0
2022-04-27 12:50:00+00:00,2022-04-27 13:05:00+00:00,-10.9,0.25
2022-04-27 13:15:00+00:00,2022-04-27 13:40:00+00:00,-10.48,0.4166666666666667
2022-05-27 12:25:00+00:00,2022-05-27 12:25:00+00:00,-11.54,0.0
2022-05-27 12:50:00+00:00,2022-05-27 13:20:00+00:00,-11.63,0.5
2022-05-27 14:10:00+00:00,2022-05-27 14:30:00+00:00,-11.063333333333333,0.3333333333333333
2022-05-27 14:40:00+00:00,2022-05-27 14:45:00+00:00,-11.5,0.08333333333333333
2022-05-27 15:50:00+00:00,2022-05-27 15:50:00+00:00,-10.1,0.0
2022-06-12 11:25:00+00:00,2022-06-12 11:25:00+00:00,-10.11,0.0
2022-06-13 02:15:00+00:00,2022-06-13 02:20:00+00:00,-10.19,0.08333333333333333
2022-06-25 18:35:00+00:00,2022-06-25 18:50:00+00:00,-10.51,0.25
2022-06-25 19:00:00+00:00,2022-06-25 19:40:00+00:00,-11.48,0.6666666666666666
2022-06-25 22:40:00+00:00,2022-06-25 22:40:00+00:00,-10.14,0.0
2022-06-25 23:30:00+00:00,2022-06-25 23:30:00+00:00,-10.28,0.0
2022-06-25 23:50:00+00:00,2022-06-25 23:50:00+00:00,-10.34,0.0
2022-07-01 23:20:00+00:00,2022-07-01 23:20:00+00:00,-10.19,0.0
2022-07-02 00:15:00+00:00,2022-07-02 00:15:00+00:00,-10.19,0.0
2022-07-02 00:25:00+00:00,2022-07-02 00:40:00+00:00,-10.48,0.25
2022-07-02 01:15:00+00:00,2022-07-02 01:30:00+00:00,-11.74,0.25
2022-07-02 03:55:00+00:00,2022-07-02 03:55:00+00:00,-10.83,0.0
2022-07-02 04:25:00+00:00,2022-07-02 05:25:00+00:00,-11.440000000000001,1.0
2022-07-02 05:45:00+00:00,2022-07-02 06:05:00+00:00,-11.644545454545455,0.3333333333333333
2022-07-02 06:40:00+00:00,2022-07-02 09:55:00+00:00,-11.72,3.25
2022-07-02 10:05:00+00:00,2022-07-02 10:10:00+00:00,-10.65,0.08333333333333333
2022-07-04 03:20:00+00:00,2022-07-04 04:00:00+00:00,-10.9,0.6666666666666666
2022-07-04 04:10:00+00:00,2022-07-04 04:15:00+00:00,-10.38,0.08333333333333333
2022-07-04 04:35:00+00:00,2022-07-04 04:35:00+00:00,-10.27,0.0
2022-07-04 05:05:00+00:00,2022-07-04 05:05:00+00:00,-11.21,0.0
2022-07-07 12:15:00+00:00,2022-07-07 12:40:00+00:00,-11.35,0.4166666666666667
2022-07-07 13:35:00+00:00,2022-07-07 13:35:00+00:00,-10.82,0.0
2022-07-07 13:50:00+00:00,2022-07-07 14:00:00+00:00,-10.837142857142858,0.16666666666666666
2022-07-07 14:15:00+00:00,2022-07-07 14:35:00+00:00,-11.72,0.3333333333333333
2022-07-07 19:55:00+00:00,2022-07-07 20:15:00+00:00,-11.67,0.3333333333333333
2022-07-07 21:50:00+00:00,2022-07-07 21:50:00+00:00,-11.12,0.0
2022-07-07 22:00:00+00:00,2022-07-07 22:00:00+00:00,-10.13,0.0
2022-07-07 22:10:00+00:00,2022-07-07 22:55:00+00:00,-11.73,0.75
2022-07-07 23:15:00+00:00,2022-07-07 23:15:00+00:00,-10.19,0.0
2022-07-07 23:30:00+00:00,2022-07-07 23:30:00+00:00,-10.25,0.0
2022-07-08 01:40:00+00:00,2022-07-08 01:40:00+00:00,-11.08,0.0
2022-07-11 18:45:00+00:00,2022-07-11 18:50:00+00:00,-10.57,0.08333333333333333
2022-07-11 19:15:00+00:00,2022-07-11 19:15:00+00:00,-10.24,0.0
2022-07-11 19:30:00+00:00,2022-07-11 19:30:00+00:00,-10.1,0.0
2022-07-12 07:50:00+00:00,2022-07-12 07:50:00+00:00,-10.49,0.0
2022-07-19 05:20:00+00:00,2022-07-19 05:35:00+00:00,-11.69,0.25
2022-07-19 05:50:00+00:00,2022-07-19 05:50:00+00:00,-10.08,0.0
2022-07-19 07:35:00+00:00,2022-07-19 08:50:00+00:00,-11.44,1.25
2022-07-21 15:15:00+00:00,2022-07-21 15:20:00+00:00,-10.87,0.08333333333333333
2022-07-21 15:50:00+00:00,2022-07-21 15:50:00+00:00,-10.86,0.0
2022-07-21 16:00:00+00:00,2022-07-21 16:10:00+00:00,-11.54,0.16666666666666666
2022-07-21 20:00:00+00:00,2022-07-21 20:00:00+00:00,-10.88,0.0
2022-07-31 14:55:00+00:00,2022-07-31 14:55:00+00:00,-10.05,0.0
2022-08-07 12:30:00+00:00,2022-08-07 12:50:00+00:00,-10.59,0.3333333333333333
2022-08-07 21:45:00+00:00,2022-08-07 21:45:00+00:00,-10.42,0.0
2022-08-17 09:05:00+00:00,2022-08-17 09:25:00+00:00,-11.32,0.3333333333333333
2022-08-17 17:05:00+00:00,2022-08-17 17:05:00+00:00,-10.01,0.0
2022-08-17 17:40:00+00:00,2022-08-17 17:40:00+00:00,-10.12,0.0
2022-08-17 18:05:00+00:00,2022-08-17 18:20:00+00:00,-11.01,0.25
2022-08-17 18:50:00+00:00,2022-08-17 18:55:00+00:00,-11.74,0.08333333333333333
2022-08-17 19:10:00+00:00,2022-08-17 19:10:00+00:00,-10.54,0.0
2022-08-17 20:50:00+00:00,2022-08-17 20:50:00+00:00,-10.76,0.0
2022-08-17 22:15:00+00:00,2022-08-17 22:20:00+00:00,-11.56,0.08333333333333333
2022-08-19 19:50:00+00:00,2022-08-19 19:50:00+00:00,-10.04,0.0
2022-08-27 11:25:00+00:00,2022-08-27 11:25:00+00:00,-10.56,0.0
2022-08-27 12:50:00+00:00,2022-08-27 13:00:00+00:00,-11.14,0.16666666666666666
2022-08-27 18:05:00+00:00,2022-08-27 18:05:00+00:00,-10.06,0.0
2022-08-27 20:35:00+00:00,2022-08-27 20:45:00+00:00,-11.54,0.16666666666666666
2022-08-29 03:45:00+00:00,2022-08-29 03:45:00+00:00,-10.38,0.0
2022-09-04 02:15:00+00:00,2022-09-04 02:15:00+00:00,-10.77,0.0
2022-09-27 00:20:00+00:00,2022-09-27 00:40:00+00:00,-11.52,0.3333333333333333
2022-09-27 04:10:00+00:00,2022-09-27 04:15:00+00:00,-11.61,0.08333333333333333
2022-10-14 06:35:00+00:00,2022-10-14 06:35:00+00:00,-10.62,0.0
2022-10-14 06:50:00+00:00,2022-10-14 07:45:00+00:00,-11.75,0.9166666666666666
2022-10-14 08:00:00+00:00,2022-10-14 08:20:00+00:00,-11.22,0.3333333333333333
2022-10-14 08:30:00+00:00,2022-10-14 08:50:00+00:00,-11.73,0.3333333333333333
2022-10-14 09:00:00+00:00,2022-10-14 09:00:00+00:00,-10.59,0.0
2022-10-14 10:10:00+00:00,2022-10-14 10:10:00+00:00,-10.92,0.0
2022-10-14 14:10:00+00:00,2022-10-14 14:10:00+00:00,-10.03,0.0
2022-10-15 00:00:00+00:00,2022-10-15 00:00:00+00:00,-10.16,0.0
2022-10-22 13:25:00+00:00,2022-10-22 13:45:00+00:00,-11.58,0.3333333333333333
2022-11-07 16:00:00+00:00,2022-11-07 16:05:00+00:00,-10.2,0.08333333333333333
2022-11-07 16:20:00+00:00,2022-11-07 16:25:00+00:00,-11.03,0.08333333333333333
2022-11-07 16:45:00+00:00,2022-11-07 17:00:00+00:00,-11.26,0.25
2022-11-07 17:50:00+00:00,2022-11-07 17:55:00+00:00,-11.37,0.08333333333333333
2022-11-11 16:05:00+00:00,2022-11-11 16:05:00+00:00,-10.07,0.0
2022-11-12 01:10:00+00:00,2022-11-12 01:10:00+00:00,-10.01,0.0
2022-11-25 03:05:00+00:00,2022-11-25 03:20:00+00:00,-10.4,0.25
2022-12-07 11:55:00+00:00,2022-12-07 12:15:00+00:00,-11.02,0.3333333333333333
2022-12-07 12:45:00+00:00,2022-12-07 14:30:00+00:00,-11.49,1.75
2022-12-07 14:40:00+00:00,2022-12-07 14:40:00+00:00,-10.12,0.0
2022-12-07 14:55:00+00:00,2022-12-07 15:30:00+00:00,-11.66,0.5833333333333334
2022-12-19 04:35:00+00:00,2022-12-19 04:35:00+00:00,-10.15,0.0
2022-12-19 05:40:00+00:00,2022-12-19 09:15:00+00:00,-11.71,3.5833333333333335
2022-12-21 06:30:00+00:00,2022-12-21 07:55:00+00:00,-11.46,1.4166666666666667
2022-12-21 08:20:00+00:00,2022-12-21 08:20:00+00:00,-10.11,0.0
2022-12-26 12:00:00+00:00,2022-12-26 12:50:00+00:00,-10.31,0.8333333333333334
2022-12-26 13:55:00+00:00,2022-12-26 13:55:00+00:00,-10.16,0.0
2022-12-30 13:00:00+00:00,2022-12-30 13:15:00+00:00,-10.44,0.25
2023-01-04 02:45:00+00:00,2023-01-04 03:25:00+00:00,-11.75,0.6666666666666666
2023-01-04 04:10:00+00:00,2023-01-04 05:10:00+00:00,-11.73,1.0
2023-01-04 05:20:00+00:00,2023-01-04 05:40:00+00:00,-10.49,0.3333333333333333
2023-01-04 05:50:00+00:00,2023-01-04 06:35:00+00:00,-11.74,0.75
2023-01-05 12:00:00+00:00,2023-01-05 12:00:00+00:00,-11.22,0.0
2023-01-05 12:15:00+00:00,2023-01-05 12:20:00+00:00,-10.55,0.08333333333333333
2023-01-17 23:10:00+00:00,2023-01-17 23:35:00+00:00,-11.13,0.4166666666666667
2023-01-17 23:55:00+00:00,2023-01-17 23:55:00+00:00,-11.13,0.0
2023-01-18 00:40:00+00:00,2023-01-18 00:40:00+00:00,-10.42,0.0
2023-01-18 01:20:00+00:00,2023-01-18 01:25:00+00:00,-10.62,0.08333333333333333
2023-01-18 02:55:00+00:00,2023-01-18 02:55:00+00:00,-10.23,0.0
2023-02-06 01:05:00+00:00,2023-02-06 01:05:00+00:00,-10.54,0.0
2023-02-06 05:55:00+00:00,2023-02-06 06:00:00+00:00,-10.77,0.08333333333333333
2023-02-06 09:10:00+00:00,2023-02-06 09:10:00+00:00,-10.17,0.0
2023-02-15 05:00:00+00:00,2023-02-15 07:10:00+00:00,-11.4,2.1666666666666665
2023-02-15 07:20:00+00:00,2023-02-15 07:55:00+00:00,-11.31,0.5833333333333334
2023-02-15 09:10:00+00:00,2023-02-15 09:10:00+00:00,-10.05,0.0
2023-02-15 10:00:00+00:00,2023-02-15 10:10:00+00:00,-10.56,0.16666666666666666
2023-02-15 10:35:00+00:00,2023-02-15 10:50:00+00:00,-10.8,0.25
2023-02-15 17:30:00+00:00,2023-02-15 17:40:00+00:00,-10.75,0.16666666666666666
2023-02-16 03:45:00+00:00,2023-02-16 03:45:00+00:00,-10.64,0.0
2023-02-16 05:05:00+00:00,2023-02-16 05:25:00+00:00,-10.131538461538462,0.3333333333333333
2023-02-16 06:10:00+00:00,2023-02-16 06:10:00+00:00,-10.36,0.0
2023-02-16 08:10:00+00:00,2023-02-16 08:10:00+00:00,-10.41,0.0
2023-02-16 08:25:00+00:00,2023-02-16 09:10:00+00:00,-11.75,0.75
2023-02-16 10:05:00+00:00,2023-02-16 10:20:00+00:00,-11.0,0.25
2023-02-16 12:40:00+00:00,2023-02-16 12:45:00+00:00,-10.7,0.08333333333333333
2023-02-16 13:15:00+00:00,2023-02-16 13:40:00+00:00,-11.235,0.4166666666666667
2023-02-16 14:00:00+00:00,2023-02-16 14:35:00+00:00,-11.75,0.5833333333333334
2023-02-21 07:35:00+00:00,2023-02-21 07:40:00+00:00,-10.65,0.08333333333333333
2023-02-21 08:10:00+00:00,2023-02-21 08:10:00+00:00,-10.03,0.0
2023-02-21 08:50:00+00:00,2023-02-21 09:05:00+00:00,-11.08,0.25
2023-02-21 09:55:00+00:00,2023-02-21 10:15:00+00:00,-11.43,0.3333333333333333
2023-02-21 10:45:00+00:00,2023-02-21 11:35:00+00:00,-11.51,0.8333333333333334
2023-02-21 11:45:00+00:00,2023-02-21 11:45:00+00:00,-11.09,0.0
2023-02-26 21:15:00+00:00,2023-02-26 21:30:00+00:00,-11.71,0.25
2023-02-27 00:30:00+00:00,2023-02-27 00:35:00+00:00,-11.5,0.08333333333333333
2023-02-27 11:50:00+00:00,2023-02-27 12:05:00+00:00,-11.35,0.25
2023-02-27 15:05:00+00:00,2023-02-27 15:05:00+00:00,-10.04,0.0
2023-03-14 09:15:00+00:00,2023-03-14 09:15:00+00:00,-11.62,0.0
2023-03-15 21:05:00+00:00,2023-03-15 21:35:00+00:00,-11.71,0.5
2023-03-23 11:50:00+00:00,2023-03-23 11:50:00+00:00,-10.05,0.0
2023-03-23 12:00:00+00:00,2023-03-23 12:05:00+00:00,-11.05,0.08333333333333333
2023-03-23 12:20:00+00:00,2023-03-23 12:30:00+00:00,-11.09,0.16666666666666666
2023-03-23 12:40:00+00:00,2023-03-23 12:40:00+00:00,-10.37,0.0
2023-03-23 13:20:00+00:00,2023-03-23 13:20:00+00:00,-10.78,0.0
2023-03-23 13:35:00+00:00,2023-03-23 13:45:00+00:00,-11.51,0.16666666666666666
2023-03-23 15:05:00+00:00,2023-03-23 15:25:00+00:00,-10.63,0.3333333333333333
2023-03-23 16:50:00+00:00,2023-03-23 16:50:00+00:00,-10.2,0.0
2023-03-24 00:00:00+00:00,2023-03-24 02:05:00+00:00,-11.7,2.0833333333333335
2023-03-24 02:40:00+00:00,2023-03-24 03:35:00+00:00,-11.75,0.9166666666666666
2023-03-24 04:40:00+00:00,2023-03-24 04:50:00+00:00,-10.25,0.16666666666666666
2023-04-18 16:30:00+00:00,2023-04-18 16:55:00+00:00,-10.84,0.4166666666666667
2023-04-23 12:50:00+00:00,2023-04-23 12:55:00+00:00,-10.67,0.08333333333333333
2023-04-23 13:05:00+00:00,2023-04-23 13:55:00+00:00,-10.77,0.8333333333333334
2023-04-23 17:45:00+00:00,2023-04-23 17:45:00+00:00,-10.41,0.0
2023-04-23 18:00:00+00:00,2023-04-23 18:10:00+00:00,-10.68,0.16666666666666666
2023-04-23 20:00:00+00:00,2023-04-23 20:20:00+00:00,-10.09,0.3333333333333333
2023-04-24 06:10:00+00:00,2023-04-24 07:10:00+00:00,-11.62,1.0
2023-04-24 07:20:00+00:00,2023-04-24 07:20:00+00:00,-11.34,0.0
2023-04-24 07:30:00+00:00,2023-04-24 07:35:00+00:00,-11.31,0.08333333333333333
2023-04-24 08:05:00+00:00,2023-04-24 08:25:00+00:00,-11.233333333333333,0.3333333333333333
2023-04-24 08:35:00+00:00,2023-04-24 08:55:00+00:00,-11.65,0.3333333333333333
2023-04-24 09:15:00+00:00,2023-04-24 09:15:00+00:00,-11.06,0.0
2023-05-06 02:40:00+00:00,2023-05-06 03:00:00+00:00,-11.72,0.3333333333333333
2023-05-06 03:15:00+00:00,2023-05-06 03:25:00+00:00,-11.48,0.16666666666666666
2023-05-06 03:50:00+00:00,2023-05-06 04:00:00+00:00,-10.297272727272727,0.16666666666666666
2023-05-06 04:35:00+00:00,2023-05-06 04:50:00+00:00,-11.51,0.25
2023-05-06 09:25:00+00:00,2023-05-06 09:25:00+00:00,-10.14,0.0
2023-05-06 09:40:00+00:00,2023-05-06 09:40:00+00:00,-10.1,0.0
2023-05-06 10:10:00+00:00,2023-05-06 10:10:00+00:00,-10.41,0.0
2023-05-08 00:45:00+00:00,2023-05-08 00:50:00+00:00,-11.6,0.08333333333333333
2023-05-08 01:15:00+00:00,2023-05-08 01:15:00+00:00,-10.46,0.0
2023-05-10 00:00:00+00:00,2023-05-10 00:05:00+00:00,-10.69,0.08333333333333333
2023-05-19 21:45:00+00:00,2023-05-19 22:15:00+00:00,-10.72,0.5
2023-05-19 23:05:00+00:00,2023-05-19 23:25:00+00:00,-10.57,0.3333333333333333
2023-05-19 23:45:00+00:00,2023-05-20 00:25:00+00:00,-11.44,0.6666666666666666
2023-05-20 02:00:00+00:00,2023-05-20 02:00:00+00:00,-10.52,0.0
2023-05-20 02:10:00+00:00,2023-05-20 02:10:00+00:00,-10.19,0.0
2023-05-20 02:20:00+00:00,2023-05-20 02:25:00+00:00,-11.1,0.08333333333333333
2023-05-20 05:10:00+00:00,2023-05-20 05:10:00+00:00,-10.28,0.0
2023-06-04 18:15:00+00:00,2023-06-04 18:30:00+00:00,-11.04,0.25
2023-06-15 15:10:00+00:00,2023-06-15 15:10:00+00:00,-10.02,0.0
2023-06-15 15:45:00+00:00,2023-06-15 15:50:00+00:00,-10.75,0.08333333333333333
2023-06-15 17:35:00+00:00,2023-06-15 17:50:00+00:00,-10.78,0.25
2023-06-24 21:35:00+00:00,2023-06-24 21:35:00+00:00,-10.55,0.0
2023-08-04 23:10:00+00:00,2023-08-04 23:15:00+00:00,-10.5,0.08333333333333333
2023-08-04 23:25:00+00:00,2023-08-05 00:00:00+00:00,-11.59,0.5833333333333334
2023-08-05 00:35:00+00:00,2023-08-05 00:35:00+00:00,-10.81,0.0
2023-08-05 00:45:00+00:00,2023-08-05 00:50:00+00:00,-11.74,0.08333333333333333
2023-08-05 01:10:00+00:00,2023-08-05 01:15:00+00:00,-10.52,0.08333333333333333
2023-08-05 02:35:00+00:00,2023-08-05 02:35:00+00:00,-10.48,0.0
2023-08-05 03:30:00+00:00,2023-08-05 03:30:00+00:00,-10.26,0.0
2023-08-05 05:15:00+00:00,2023-08-05 05:35:00+00:00,-11.6,0.3333333333333333
2023-08-05 05:45:00+00:00,2023-08-05 06:00:00+00:00,-11.27,0.25
2023-08-18 05:25:00+00:00,2023-08-18 05:25:00+00:00,-11.35,0.0
2023-08-18 06:50:00+00:00,2023-08-18 06:50:00+00:00,-10.73,0.0
2023-09-12 12:15:00+00:00,2023-09-12 12:50:00+00:00,-11.27,0.5833333333333334
2023-09-12 13:25:00+00:00,2023-09-12 13:40:00+00:00,-11.41,0.25
2023-09-18 16:05:00+00:00,2023-09-18 16:15:00+00:00,-11.38,0.16666666666666666
2023-09-18 16:30:00+00:00,2023-09-18 16:50:00+00:00,-10.24,0.3333333333333333
2023-09-18 18:15:00+00:00,2023-09-18 18:15:00+00:00,-10.01,0.0
2023-09-18 19:25:00+00:00,2023-09-18 19:25:00+00:00,-10.17,0.0
2023-09-18 22:15:00+00:00,2023-09-18 22:20:00+00:00,-11.17,0.08333333333333333
2023-09-18 23:25:00+00:00,2023-09-18 23:25:00+00:00,-10.27,0.0
2023-09-18 23:55:00+00:00,2023-09-18 23:55:00+00:00,-10.35,0.0
2023-09-19 00:05:00+00:00,2023-09-19 00:05:00+00:00,-10.9,0.0
2023-09-19 00:40:00+00:00,2023-09-19 01:05:00+00:00,-11.75,0.4166666666666667
2023-10-13 05:30:00+00:00,2023-10-13 05:45:00+00:00,-11.1,0.25
2023-10-13 15:20:00+00:00,2023-10-13 15:20:00+00:00,-10.29,0.0
2023-10-13 15:30:00+00:00,2023-10-13 16:00:00+00:00,-11.7,0.5
2023-10-26 09:35:00+00:00,2023-10-26 09:45:00+00:00,-10.91,0.16666666666666666
2023-11-04 18:20:00+00:00,2023-11-04 18:35:00+00:00,-10.82,0.25
2023-11-04 18:50:00+00:00,2023-11-04 19:15:00+00:00,-11.63,0.4166666666666667
2023-11-04 20:05:00+00:00,2023-11-04 20:25:00+00:00,-11.54,0.3333333333333333
2023-11-04 22:05:00+00:00,2023-11-04 22:25:00+00:00,-11.12,0.3333333333333333
2023-11-04 22:35:00+00:00,2023-11-04 22:55:00+00:00,-11.34,0.3333333333333333
2023-11-05 09:05:00+00:00,2023-11-05 09:35:00+00:00,-11.3,0.5
2023-11-05 10:05:00+00:00,2023-11-05 10:10:00+00:00,-11.26,0.08333333333333333
2023-11-05 17:40:00+00:00,2023-11-05 18:35:00+00:00,-11.51,0.9166666666666666
2023-11-05 19:40:00+00:00,2023-11-05 19:55:00+00:00,-11.35,0.25
2023-11-05 20:15:00+00:00,2023-11-05 20:40:00+00:00,-11.01,0.4166666666666667
2023-11-05 21:05:00+00:00,2023-11-05 21:05:00+00:00,-10.91,0.0
2023-11-06 05:00:00+00:00,2023-11-06 05:10:00+00:00,-11.21,0.16666666666666666
2023-11-21 07:40:00+00:00,2023-11-21 07:45:00+00:00,-10.79,0.08333333333333333
2023-11-21 19:40:00+00:00,2023-11-21 19:40:00+00:00,-10.09,0.0
2023-11-21 22:05:00+00:00,2023-11-21 22:05:00+00:00,-10.33,0.0
2023-11-21 22:15:00+00:00,2023-11-21 22:15:00+00:00,-10.57,0.0
2023-11-21 22:30:00+00:00,2023-11-21 22:40:00+00:00,-11.07,0.16666666666666666
2023-11-22 05:45:00+00:00,2023-11-22 05:45:00+00:00,-10.21,0.0
2023-11-25 10:35:00+00:00,2023-11-25 10:35:00+00:00,-10.65,0.0
2023-12-01 02:15:00+00:00,2023-12-01 02:20:00+00:00,-10.75,0.08333333333333333
2023-12-01 02:35:00+00:00,2023-12-01 02:55:00+00:00,-11.75,0.3333333333333333
2023-12-01 06:30:00+00:00,2023-12-01 06:30:00+00:00,-10.21,0.0
2023-12-01 11:20:00+00:00,2023-12-01 11:20:00+00:00,-10.05,0.0
2023-12-01 11:30:00+00:00,2023-12-01 11:40:00+00:00,-11.15,0.16666666666666666
2023-12-01 12:35:00+00:00,2023-12-01 12:35:00+00:00,-10.06,0.0
2023-12-01 12:55:00+00:00,2023-12-01 12:55:00+00:00,-10.8,0.0
2023-12-01 16:50:00+00:00,2023-12-01 17:20:00+00:00,-11.39,0.5
2023-12-01 17:45:00+00:00,2023-12-01 17:50:00+00:00,-10.62,0.08333333333333333
2023-12-01 20:50:00+00:00,2023-12-01 20:50:00+00:00,-10.4,0.0
2023-12-01 21:45:00+00:00,2023-12-01 23:00:00+00:00,-11.5,1.25
2023-12-01 23:45:00+00:00,2023-12-02 00:00:00+00:00,-11.61,0.25
2023-12-02 00:55:00+00:00,2023-12-02 01:00:00+00:00,-11.58,0.08333333333333333
2023-12-02 01:30:00+00:00,2023-12-02 01:30:00+00:00,-11.62,0.0
2023-12-13 23:20:00+00:00,2023-12-13 23:20:00+00:00,-10.68,0.0
2023-12-13 23:55:00+00:00,2023-12-14 00:00:00+00:00,-10.33,0.08333333333333333
2023-12-14 01:50:00+00:00,2023-12-14 01:55:00+00:00,-11.05,0.08333333333333333
2023-12-14 02:10:00+00:00,2023-12-14 02:15:00+00:00,-11.47,0.08333333333333333
2023-12-14 02:25:00+00:00,2023-12-14 02:50:00+00:00,-11.42,0.4166666666666667
2023-12-14 03:05:00+00:00,2023-12-14 03:05:00+00:00,-10.32,0.0
2023-12-14 03:20:00+00:00,2023-12-14 03:35:00+00:00,-11.47,0.25
2023-12-15 12:05:00+00:00,2023-12-15 12:10:00+00:00,-11.08,0.08333333333333333
2023-12-15 19:55:00+00:00,2023-12-15 20:00:00+00:00,-10.73,0.08333333333333333
2023-12-17 12:40:00+00:00,2023-12-17 12:50:00+00:00,-11.3,0.16666666666666666
2023-12-17 13:50:00+00:00,2023-12-17 13:50:00+00:00,-10.38,0.0
2023-12-17 15:00:00+00:00,2023-12-17 16:10:00+00:00,-11.55,1.1666666666666667
2023-12-18 05:50:00+00:00,2023-12-18 06:10:00+00:00,-10.47,0.3333333333333333
2023-12-18 06:20:00+00:00,2023-12-18 06:40:00+00:00,-10.746666666666668,0.3333333333333333
2023-12-18 07:20:00+00:00,2023-12-18 07:25:00+00:00,-11.46,0.08333333333333333
2023-12-18 21:40:00+00:00,2023-12-18 21:40:00+00:00,-10.26,0.0
2024-01-01 21:45:00+00:00,2024-01-01 22:00:00+00:00,-10.85,0.25
2024-01-22 20:35:00+00:00,2024-01-22 20:55:00+00:00,-10.74,0.3333333333333333
2024-03-03 13:40:00+00:00,2024-03-03 14:00:00+00:00,-11.59,0.3333333333333333
2024-03-03 17:40:00+00:00,2024-03-03 17:40:00+00:00,-10.31,0.0
2024-03-03 18:15:00+00:00,2024-03-03 18:20:00+00:00,-11.1,0.08333333333333333
2024-03-03 18:30:00+00:00,2024-03-03 19:30:00+00:00,-11.67,1.0
2024-03-03 19:55:00+00:00,2024-03-03 20:00:00+00:00,-10.87,0.08333333333333333
2024-03-03 23:30:00+00:00,2024-03-03 23:55:00+00:00,-11.611428571428572,0.4166666666666667
2024-03-04 00:10:00+00:00,2024-03-04 00:30:00+00:00,-11.74,0.3333333333333333
2024-03-21 06:45:00+00:00,2024-03-21 06:50:00+00:00,-11.25,0.08333333333333333
2024-03-21 12:25:00+00:00,2024-03-21 12:25:00+00:00,-10.92,0.0
2024-03-21 12:35:00+00:00,2024-03-21 14:25:00+00:00,-11.74,1.8333333333333333
2024-03-21 16:25:00+00:00,2024-03-21 16:35:00+00:00,-10.88,0.16666666666666666
2024-03-21 16:55:00+00:00,2024-03-21 16:55:00+00:00,-10.02,0.0
2024-03-23 04:05:00+00:00,2024-03-23 04:40:00+00:00,-10.78,0.5833333333333334
2024-03-23 18:30:00+00:00,2024-03-23 18:30:00+00:00,-10.09,0.0
2024-03-23 19:50:00+00:00,2024-03-23 19:50:00+00:00,-10.72,0.0
2024-03-23 20:15:00+00:00,2024-03-23 20:20:00+00:00,-10.82,0.08333333333333333
2024-03-24 14:55:00+00:00,2024-03-24 14:55:00+00:00,-11.21,0.0
2024-03-24 16:10:00+00:00,2024-03-24 16:10:00+00:00,-10.16,0.0
2024-04-16 09:30:00+00:00,2024-04-16 09:30:00+00:00,-10.07,0.0
2024-04-16 15:15:00+00:00,2024-04-16 15:15:00+00:00,-10.75,0.0
2024-04-16 16:25:00+00:00,2024-04-16 17:30:00+00:00,-11.58,1.0833333333333333
2024-04-19 06:35:00+00:00,2024-04-19 07:50:00+00:00,-11.66,1.25
2024-04-19 09:45:00+00:00,2024-04-19 09:45:00+00:00,-10.24,0.0
2024-04-19 11:45:00+00:00,2024-04-19 11:45:00+00:00,-11.38,0.0
2024-04-19 13:35:00+00:00,2024-04-19 13:40:00+00:00,-10.46,0.08333333333333333
2024-04-19 14:05:00+00:00,2024-04-19 14:05:00+00:00,-10.02,0.0
2024-04-19 14:30:00+00:00,2024-04-19 14:35:00+00:00,-10.87,0.08333333333333333
2024-04-19 17:45:00+00:00,2024-04-19 17:45:00+00:00,-10.75,0.0
2024-04-19 18:05:00+00:00,2024-04-19 18:30:00+00:00,-11.61,0.4166666666666667
2024-04-19 19:20:00+00:00,2024-04-19 19:20:00+00:00,-10.38,0.0
2024-04-26 13:20:00+00:00,2024-04-26 14:25:00+00:00,-11.66,1.0833333333333333
2024-04-26 14:45:00+00:00,2024-04-26 14:45:00+00:00,-10.33,0.0
2024-04-26 15:50:00+00:00,2024-04-26 16:20:00+00:00,-11.19,0.5
2024-04-26 19:45:00+00:00,2024-04-26 21:00:00+00:00,-11.35,1.25
2024-04-26 21:20:00+00:00,2024-04-26 21:35:00+00:00,-10.57,0.25
2024-04-26 21:50:00+00:00,2024-04-26 23:45:00+00:00,-11.69,1.9166666666666667
2024-04-27 00:10:00+00:00,2024-04-27 00:35:00+00:00,-11.38,0.4166666666666667
2024-05-02 10:20:00+00:00,2024-05-02 10:45:00+00:00,-11.4,0.4166666666666667
2024-05-02 11:10:00+00:00,2024-05-02 11:10:00+00:00,-10.63,0.0
2024-05-02 15:20:00+00:00,2024-05-02 15:35:00+00:00,-10.77,0.25
2024-05-02 15:50:00+00:00,2024-05-02 15:50:00+00:00,-10.34,0.0
2024-05-02 17:25:00+00:00,2024-05-02 17:45:00+00:00,-11.11,0.3333333333333333
2024-05-02 19:25:00+00:00,2024-05-02 19:25:00+00:00,-10.51,0.0
2024-05-05 20:25:00+00:00,2024-05-05 22:30:00+00:00,-11.02,2.0833333333333335
2024-05-05 22:45:00+00:00,2024-05-05 23:45:00+00:00,-11.61,1.0
2024-05-10 22:05:00+00:00,2024-05-10 22:10:00+00:00,-11.21,0.08333333333333333
2024-05-11 08:20:00+00:00,2024-05-11 08:40:00+00:00,-11.36,0.3333333333333333
2024-05-11 10:50:00+00:00,2024-05-11 10:50:00+00:00,-11.41,0.0
2024-05-11 15:15:00+00:00,2024-05-11 15:35:00+00:00,-11.49,0.3333333333333333
2024-05-11 15:45:00+00:00,2024-05-11 15:50:00+00:00,-11.18,0.08333333333333333
2024-05-11 16:10:00+00:00,2024-05-11 16:10:00+00:00,-10.35,0.0
2024-05-16 08:40:00+00:00,2024-05-16 08:40:00+00:00,-10.08,0.0
2024-05-16 09:00:00+00:00,2024-05-16 09:00:00+00:00,-10.47,0.0
2024-05-16 09:45:00+00:00,2024-05-16 09:50:00+00:00,-10.38,0.08333333333333333
2024-05-17 15:20:00+00:00,2024-05-17 15:45:00+00:00,-11.72,0.4166666666666667
2024-05-17 16:30:00+00:00,2024-05-17 16:55:00+00:00,-10.7,0.4166666666666667
2024-05-17 18:30:00+00:00,2024-05-17 18:30:00+00:00,-10.95,0.0
2024-05-17 18:50:00+00:00,2024-05-17 18:50:00+00:00,-10.04,0.0
2024-05-17 21:00:00+00:00,2024-05-17 21:00:00+00:00,-10.4,0.0
2024-06-15 21:55:00+00:00,2024-06-15 21:55:00+00:00,-10.84,0.0
2024-06-28 03:05:00+00:00,2024-06-28 03:05:00+00:00,-10.66,0.0
2024-06-28 03:20:00+00:00,2024-06-28 03:20:00+00:00,-10.03,0.0
2024-06-28 04:20:00+00:00,2024-06-28 05:15:00+00:00,-11.37,0.9166666666666666
2024-06-28 08:00:00+00:00,2024-06-28 08:00:00+00:00,-10.34,0.0
2024-06-28 08:15:00+00:00,2024-06-28 08:15:00+00:00,-10.45,0.0
2024-06-28 08:35:00+00:00,2024-06-28 08:35:00+00:00,-10.13,0.0
2024-06-28 09:00:00+00:00,2024-06-28 09:00:00+00:00,-10.33,0.0
2024-06-28 11:50:00+00:00,2024-06-28 11:50:00+00:00,-10.22,0.0
2024-06-28 13:40:00+00:00,2024-06-28 13:45:00+00:00,-11.64,0.08333333333333333
2024-07-26 00:45:00+00:00,2024-07-26 00:45:00+00:00,-10.88,0.0
2024-07-26 01:30:00+00:00,2024-07-26 01:30:00+00:00,-10.29,0.0
2024-07-26 03:10:00+00:00,2024-07-26 03:10:00+00:00,-10.47,0.0
2024-07-26 05:45:00+00:00,2024-07-26 05:45:00+00:00,-10.69,0.0
2024-07-30 02:30:00+00:00,2024-07-30 02:35:00+00:00,-10.52,0.08333333333333333
2024-07-30 02:50:00+00:00,2024-07-30 03:20:00+00:00,-10.96,0.5
2024-07-30 03:30:00+00:00,2024-07-30 03:30:00+00:00,-10.59,0.0
2024-07-31 16:10:00+00:00,2024-07-31 16:15:00+00:00,-11.29,0.08333333333333333
2024-07-31 19:00:00+00:00,2024-07-31 19:05:00+00:00,-10.57,0.08333333333333333
2024-08-04 08:35:00+00:00,2024-08-04 08:55:00+00:00,-10.99,0.3333333333333333
2024-08-04 09:05:00+00:00,2024-08-04 09:30:00+00:00,-11.65,0.4166666666666667
2024-08-04 09:55:00+00:00,2024-08-04 10:25:00+00:00,-10.84,0.5
2024-08-04 11:25:00+00:00,2024-08-04 13:40:00+00:00,-11.22,2.25
2024-08-04 13:50:00+00:00,2024-08-04 13:50:00+00:00,-11.06,0.0
2024-08-04 14:05:00+00:00,2024-08-04 14:25:00+00:00,-11.636363636363637,0.3333333333333333
2024-08-04 15:00:00+00:00,2024-08-04 15:25:00+00:00,-11.7,0.4166666666666667
2024-08-04 16:05:00+00:00,2024-08-04 16:35:00+00:00,-11.69,0.5
2024-08-05 07:10:00+00:00,2024-08-05 07:10:00+00:00,-10.93,0.0
2024-08-11 06:20:00+00:00,2024-08-11 06:20:00+00:00,-10.29,0.0
2024-08-11 06:40:00+00:00,2024-08-11 06:50:00+00:00,-11.03,0.16666666666666666
2024-08-11 23:25:00+00:00,2024-08-11 23:25:00+00:00,-10.54,0.0
2024-08-12 02:30:00+00:00,2024-08-12 02:50:00+00:00,-10.46,0.3333333333333333
2024-08-12 04:30:00+00:00,2024-08-12 05:20:00+00:00,-11.31,0.8333333333333334
2024-08-12 05:50:00+00:00,2024-08-12 06:00:00+00:00,-10.32,0.16666666666666666
2024-08-12 06:25:00+00:00,2024-08-12 06:45:00+00:00,-11.54,0.3333333333333333
2024-08-12 07:05:00+00:00,2024-08-12 07:20:00+00:00,-10.8,0.25
2024-08-12 10:00:00+00:00,2024-08-12 10:45:00+00:00,-11.07,0.75
2024-08-12 20:20:00+00:00,2024-08-12 20:20:00+00:00,-10.64,0.0
2024-08-12 20:40:00+00:00,2024-08-12 20:50:00+00:00,-11.38,0.16666666666666666
2024-08-12 21:15:00+00:00,2024-08-12 21:20:00+00:00,-10.66,0.08333333333333333
2024-08-17 15:35:00+00:00,2024-08-17 15:35:00+00:00,-11.0,0.0
2024-08-27 23:25:00+00:00,2024-08-28 00:15:00+00:00,-11.13,0.8333333333333334
2024-08-28 02:35:00+00:00,2024-08-28 03:05:00+00:00,-11.41,0.5
2024-08-28 08:40:00+00:00,2024-08-28 08:40:00+00:00,-10.53,0.0
2024-08-28 08:55:00+00:00,2024-08-28 08:55:00+00:00,-10.16,0.0
2024-08-28 09:05:00+00:00,2024-08-28 09:45:00+00:00,-11.55,0.6666666666666666
2024-08-28 12:00:00+00:00,2024-08-28 12:05:00+00:00,-10.78,0.08333333333333333
2024-08-28 12:15:00+00:00,2024-08-28 12:20:00+00:00,-10.25,0.08333333333333333
2024-08-28 12:35:00+00:00,2024-08-28 13:00:00+00:00,-11.53,0.4166666666666667
2024-08-28 13:15:00+00:00,2024-08-28 13:55:00+00:00,-11.69,0.6666666666666666
2024-08-28 16:30:00+00:00,2024-08-28 16:30:00+00:00,-10.52,0.0
2024-08-28 16:40:00+00:00,2024-08-28 16:45:00+00:00,-10.44,0.08333333333333333
2024-08-28 17:15:00+00:00,2024-08-28 17:15:00+00:00,-10.53,0.0
2024-08-28 20:50:00+00:00,2024-08-28 21:00:00+00:00,-10.92,0.16666666666666666
2024-08-31 14:45:00+00:00,2024-08-31 14:55:00+00:00,-11.46,0.16666666666666666
2024-09-04 13:35:00+00:00,2024-09-04 13:35:00+00:00,-11.59,0.0
2024-09-12 04:20:00+00:00,2024-09-12 04:25:00+00:00,-10.76,0.08333333333333333
2024-09-12 05:10:00+00:00,2024-09-12 05:10:00+00:00,-10.4,0.0
2024-09-12 05:20:00+00:00,2024-09-12 05:40:00+00:00,-11.3,0.3333333333333333
2024-09-12 06:25:00+00:00,2024-09-12 06:35:00+00:00,-10.503333333333334,0.16666666666666666
2024-09-12 07:00:00+00:00,2024-09-12 07:05:00+00:00,-11.42,0.08333333333333333
2024-09-12 09:50:00+00:00,2024-09-12 09:50:00+00:00,-10.43,0.0
2024-09-12 11:50:00+00:00,2024-09-12 11:50:00+00:00,-10.09,0.0
2024-09-12 13:10:00+00:00,2024-09-12 13:10:00+00:00,-11.3,0.0
2024-09-12 19:25:00+00:00,2024-09-12 19:25:00+00:00,-10.44,0.0
2024-09-17 00:50:00+00:00,2024-09-17 00:50:00+00:00,-10.77,0.0
2024-09-17 01:25:00+00:00,2024-09-17 01:30:00+00:00,-10.75,0.08333333333333333
2024-09-17 03:05:00+00:00,2024-09-17 03:20:00+00:00,-11.25,0.25
2024-09-24 23:15:00+00:00,2024-09-24 23:15:00+00:00,-10.34,0.0
2024-09-29 13:45:00+00:00,2024-09-29 13:45:00+00:00,-10.55,0.0
2024-09-30 00:35:00+00:00,2024-09-30 00:50:00+00:00,-11.14,0.25
2024-10-06 15:55:00+00:00,2024-10-06 15:55:00+00:00,-10.34,0.0
2024-10-06 16:05:00+00:00,2024-10-06 16:10:00+00:00,-10.64,0.08333333333333333
2024-10-06 20:20:00+00:00,2024-10-06 20:25:00+00:00,-10.08,0.08333333333333333
2024-10-06 21:10:00+00:00,2024-10-06 21:10:00+00:00,-10.23,0.0
2024-10-06 21:55:00+00:00,2024-10-06 22:40:00+00:00,-11.58,0.75
2024-10-06 22:55:00+00:00,2024-10-07 00:40:00+00:00,-11.66,1.75
2024-10-07 01:00:00+00:00,2024-10-07 01:30:00+00:00,-11.35,0.5
2024-10-07 10:55:00+00:00,2024-10-07 11:40:00+00:00,-11.13,0.75
2024-10-07 15:15:00+00:00,2024-10-07 15:15:00+00:00,-10.07,0.0
2024-10-07 19:20:00+00:00,2024-10-07 20:35:00+00:00,-11.73,1.25
2024-10-07 23:30:00+00:00,2024-10-07 23:30:00+00:00,-10.35,0.0
2024-10-08 01:50:00+00:00,2024-10-08 01:50:00+00:00,-10.77,0.0
2024-10-08 02:00:00+00:00,2024-10-08 02:20:00+00:00,-10.526,0.3333333333333333
2024-10-08 05:20:00+00:00,2024-10-08 05:20:00+00:00,-10.58,0.0
2024-10-10 16:20:00+00:00,2024-10-10 16:40:00+00:00,-10.8,0.3333333333333333
2024-10-10 16:50:00+00:00,2024-10-10 17:05:00+00:00,-10.69,0.25
2024-10-10 17:20:00+00:00,2024-10-10 17:40:00+00:00,-11.34,0.3333333333333333
2024-10-10 18:10:00+00:00,2024-10-10 18:10:00+00:00,-11.23,0.0
2024-10-10 18:20:00+00:00,2024-10-10 18:20:00+00:00,-10.13,0.0
2024-10-10 19:25:00+00:00,2024-10-10 19:25:00+00:00,-11.05,0.0
2024-10-10 19:55:00+00:00,2024-10-10 20:15:00+00:00,-11.200909090909091,0.3333333333333333
2024-10-10 20:50:00+00:00,2024-10-10 21:05:00+00:00,-11.64,0.25
2024-10-26 13:20:00+00:00,2024-10-26 14:05:00+00:00,-11.75,0.75
2024-10-26 17:55:00+00:00,2024-10-26 17:55:00+00:00,-10.97,0.0
2024-10-26 18:25:00+00:00,2024-10-26 18:50:00+00:00,-11.68,0.4166666666666667
2024-10-26 19:20:00+00:00,2024-10-26 19:40:00+00:00,-11.23,0.3333333333333333
2024-10-26 20:10:00+00:00,2024-10-26 20:10:00+00:00,-10.31,0.0
2024-10-28 07:25:00+00:00,2024-10-28 07:25:00+00:00,-10.25,0.0
2024-10-28 10:00:00+00:00,2024-10-28 10:10:00+00:00,-10.84,0.16666666666666666
2024-11-02 11:00:00+00:00,2024-11-02 11:15:00+00:00,-11.67,0.25
2024-11-02 11:30:00+00:00,2024-11-02 11:55:00+00:00,-11.39,0.4166666666666667
2024-11-08 17:55:00+00:00,2024-11-08 18:35:00+00:00,-11.67,0.6666666666666666
2024-11-08 19:40:00+00:00,2024-11-08 19:55:00+00:00,-11.73,0.25
2024-11-08 20:20:00+00:00,2024-11-08 20:20:00+00:00,-10.24,0.0
2024-11-08 20:30:00+00:00,2024-11-08 20:30:00+00:00,-10.22,0.0
2024-11-09 00:35:00+00:00,2024-11-09 00:45:00+00:00,-10.53,0.16666666666666666
2024-11-09 01:10:00+00:00,2024-11-09 01:50:00+00:00,-11.56,0.6666666666666666
2024-11-09 02:05:00+00:00,2024-11-09 02:10:00+00:00,-10.89,0.08333333333333333
2024-11-09 02:20:00+00:00,2024-11-09 02:45:00+00:00,-11.37,0.4166666666666667
2024-11-09 03:15:00+00:00,2024-11-09 03:20:00+00:00,-10.56,0.08333333333333333
2024-11-09 05:10:00+00:00,2024-11-09 07:40:00+00:00,-11.71,2.5
2024-11-09 07:50:00+00:00,2024-11-09 07:50:00+00:00,-11.72,0.0
2024-11-09 08:00:00+00:00,2024-11-09 09:15:00+00:00,-11.66,1.25
2024-11-09 10:15:00+00:00,2024-11-09 12:00:00+00:00,-11.67,1.75
2024-11-14 17:50:00+00:00,2024-11-14 17:55:00+00:00,-10.83,0.08333333333333333
2024-11-14 19:05:00+00:00,2024-11-14 19:10:00+00:00,-10.55,0.08333333333333333
2024-11-14 19:25:00+00:00,2024-11-14 20:20:00+00:00,-11.39,0.9166666666666666
2024-12-02 23:05:00+00:00,2024-12-02 23:15:00+00:00,-11.54,0.16666666666666666
2024-12-02 23:50:00+00:00,2024-12-03 00:00:00+00:00,-11.71,0.16666666666666666
2024-12-03 00:25:00+00:00,2024-12-03 00:25:00+00:00,-11.68,0.0
2024-12-17 06:50:00+00:00,2024-12-17 06:50:00+00:00,-10.51,0.0
2024-12-17 08:00:00+00:00,2024-12-17 08:00:00+00:00,-10.38,0.0
2024-12-18 00:00:00+00:00,2024-12-18 00:15:00+00:00,-10.43,0.25
2024-12-31 18:15:00+00:00,2024-12-31 18:15:00+00:00,-10.91,0.0
2024-12-31 19:15:00+00:00,2024-12-31 19:15:00+00:00,-10.05,0.0
2024-12-31 19:45:00+00:00,2024-12-31 20:15:00+00:00,-11.19,0.5
2024-12-31 20:50:00+00:00,2024-12-31 20:55:00+00:00,-11.59,0.08333333333333333
2024-12-31 22:45:00+00:00,2024-12-31 22:55:00+00:00,-11.4,0.16666666666666666
2025-01-01 04:15:00+00:00,2025-01-01 04:20:00+00:00,-10.98,0.08333333333333333
2025-01-01 04:30:00+00:00,2025-01-01 04:50:00+00:00,-11.59,0.3333333333333333
2025-01-01 05:45:00+00:00,2025-01-01 05:45:00+00:00,-10.53,0.0
2025-01-01 08:25:00+00:00,2025-01-01 08:30:00+00:00,-10.13,0.08333333333333333
2025-01-01 09:45:00+00:00,2025-01-01 10:00:00+00:00,-10.87,0.25
2025-01-01 17:20:00+00:00,2025-01-01 17:20:00+00:00,-10.11,0.0
2025-01-02 12:00:00+00:00,2025-01-02 12:00:00+00:00,-10.07,0.0
2025-01-02 12:15:00+00:00,2025-01-02 12:15:00+00:00,-11.49,0.0
2025-01-04 03:45:00+00:00,2025-01-04 03:45:00+00:00,-10.05,0.0
2025-01-04 04:25:00+00:00,2025-01-04 04:35:00+00:00,-10.77,0.16666666666666666
2025-01-04 04:55:00+00:00,2025-01-04 05:10:00+00:00,-11.7,0.25
2025-01-04 07:15:00+00:00,2025-01-04 07:35:00+00:00,-11.63,0.3333333333333333
2025-01-04 08:10:00+00:00,2025-01-04 08:30:00+00:00,-11.49,0.3333333333333333
2025-01-04 08:40:00+00:00,2025-01-04 09:00:00+00:00,-10.61,0.3333333333333333
2025-01-04 16:50:00+00:00,2025-01-04 17:00:00+00:00,-10.44,0.16666666666666666
2025-01-04 17:10:00+00:00,2025-01-04 17:15:00+00:00,-10.65,0.08333333333333333
2025-01-04 17:45:00+00:00,2025-01-04 17:55:00+00:00,-11.66,0.16666666666666666
2025-01-09 15:40:00+00:00,2025-01-09 15:40:00+00:00,-10.06,0.0
2025-01-30 20:50:00+00:00,2025-01-30 21:10:00+00:00,-10.99,0.3333333333333333
2025-01-30 21:20:00+00:00,2025-01-30 21:25:00+00:00,-10.3,0.08333333333333333
2025-01-30 22:55:00+00:00,2025-01-30 22:55:00+00:00,-10.3,0.0
2025-02-01 01:40:00+00:00,2025-02-01 01:40:00+00:00,-10.64,0.0
2025-02-01 05:50:00+00:00,2025-02-01 05:55:00+00:00,-11.25,0.08333333333333333
2025-02-01 06:05:00+00:00,2025-02-01 06:25:00+00:00,-11.52,0.3333333333333333
2025-02-01 06:55:00+00:00,2025-02-01 06:55:00+00:00,-11.2,0.0
2025-02-01 07:15:00+00:00,2025-02-01 07:15:00+00:00,-10.62,0.0
2025-02-01 14:00:00+00:00,2025-02-01 14:10:00+00:00,-10.25,0.16666666666666666
2025-02-01 19:20:00+00:00,2025-02-01 19:25:00+00:00,-11.68,0.08333333333333333
2025-02-01 19:35:00+00:00,2025-02-01 19:45:00+00:00,-10.66,0.16666666666666666
2025-02-09 13:55:00+00:00,2025-02-09 14:00:00+00:00,-11.37,0.08333333333333333
2025-02-09 15:20:00+00:00,2025-02-09 15:25:00+00:00,-10.94,0.08333333333333333
2025-02-09 15:55:00+00:00,2025-02-09 15:55:00+00:00,-10.87,0.0
2025-02-10 00:40:00+00:00,2025-02-10 00:40:00+00:00,-10.12,0.0
2025-02-23 23:30:00+00:00,2025-02-23 23:50:00+00:00,-10.82,0.3333333333333333
2025-02-24 19:10:00+00:00,2025-02-24 19:15:00+00:00,-10.59,0.08333333333333333
2025-02-26 15:45:00+00:00,2025-02-26 15:45:00+00:00,-11.03,0.0
2025-02-26 16:00:00+00:00,2025-02-26 16:00:00+00:00,-10.33,0.0
2025-02-26 16:50:00+00:00,2025-02-26 17:05:00+00:00,-11.12,0.25
2025-02-26 17:15:00+00:00,2025-02-26 17:15:00+00:00,-10.27,0.0
2025-02-27 11:05:00+00:00,2025-02-27 11:05:00+00:00,-10.82,0.0
2025-02-28 00:05:00+00:00,2025-02-28 00:05:00+00:00,-10.12,0.0
2025-03-08 16:15:00+00:00,2025-03-08 16:15:00+00:00,-11.63,0.0
2025-03-08 17:45:00+00:00,2025-03-08 17:45:00+00:00,-10.37,0.0
2025-03-12 10:05:00+00:00,2025-03-12 10:10:00+00:00,-10.04,0.08333333333333333
2025-03-12 11:30:00+00:00,2025-03-12 11:30:00+00:00,-10.09,0.0
2025-03-26 11:25:00+00:00,2025-03-26 11:25:00+00:00,-10.39,0.0
2025-03-26 15:50:00+00:00,2025-03-26 15:50:00+00:00,-11.07,0.0
2025-03-26 22:30:00+00:00,2025-03-26 22:30:00+00:00,-10.4,0.0
2025-04-02 04:35:00+00:00,2025-04-02 04:35:00+00:00,-10.09,0.0
2025-04-02 05:35:00+00:00,2025-04-02 05:35:00+00:00,-10.14,0.0
2025-04-03 18:40:00+00:00,2025-04-03 19:05:00+00:00,-10.74,0.4166666666666667
2025-04-03 20:15:00+00:00,2025-04-03 20:20:00+00:00,-10.8,0.08333333333333333
2025-04-08 13:30:00+00:00,2025-04-08 13:35:00+00:00,-11.0,0.08333333333333333
2025-04-15 18:50:00+00:00,2025-04-15 19:10:00+00:00,-11.59,0.3333333333333333
2025-04-16 13:10:00+00:00,2025-04-16 13:30:00+00:00,-11.54,0.3333333333333333
2025-04-16 18:30:00+00:00,2025-04-16 19:35:00+00:00,-11.14,1.0833333333333333
2025-04-20 19:55:00+00:00,2025-04-20 19:55:00+00:00,-10.29,0.0
2025-04-21 01:10:00+00:00,2025-04-21 01:10:00+00:00,-10.29,0.0
2025-04-21 01:30:00+00:00,2025-04-21 01:45:00+00:00,-10.87142857142857,0.25
2025-04-21 02:00:00+00:00,2025-04-21 02:15:00+00:00,-11.69,0.25
2025-04-21 03:15:00+00:00,2025-04-21 03:15:00+00:00,-10.68,0.0
2025-04-21 03:45:00+00:00,2025-04-21 03:45:00+00:00,-10.75,0.0
2025-04-21 04:15:00+00:00,2025-04-21 04:15:00+00:00,-10.22,0.0
2025-04-21 04:35:00+00:00,2025-04-21 04:35:00+00:00,-10.66,0.0
2025-05-02 17:50:00+00:00,2025-05-02 17:50:00+00:00,-10.66,0.0
2025-05-17 04:10:00+00:00,2025-05-17 04:10:00+00:00,-10.22,0.0
2025-05-17 04:50:00+00:00,2025-05-17 04:50:00+00:00,-11.31,0.0
2025-05-17 15:05:00+00:00,2025-05-17 15:15:00+00:00,-10.92,0.16666666666666666
2025-05-29 02:20:00+00:00,2025-05-29 02:20:00+00:00,-11.47,0.0
2025-05-29 02:30:00+00:00,2025-05-29 02:30:00+00:00,-10.27,0.0
2025-05-29 02:50:00+00:00,2025-05-29 02:50:00+00:00,-10.29,0.0
2025-06-01 05:45:00+00:00,2025-06-01 05:45:00+00:00,-10.83,0.0
2025-06-01 08:00:00+00:00,2025-06-01 08:00:00+00:00,-11.65,0.0
2025-06-01 08:50:00+00:00,2025-06-01 09:10:00+00:00,-11.450000000000001,0.3333333333333333
2025-06-01 09:25:00+00:00,2025-06-01 09:30:00+00:00,-11.63,0.08333333333333333
2025-06-01 12:25:00+00:00,2025-06-01 12:25:00+00:00,-11.54,0.0
2025-06-02 08:40:00+00:00,2025-06-02 09:40:00+00:00,-11.72,1.0
2025-06-02 10:15:00+00:00,2025-06-02 12:20:00+00:00,-11.55,2.0833333333333335
2025-06-02 17:25:00+00:00,2025-06-02 17:25:00+00:00,-10.06,0.0
2025-06-02 21:15:00+00:00,2025-06-02 22:05:00+00:00,-11.72,0.8333333333333334
2025-06-02 22:20:00+00:00,2025-06-02 22:25:00+00:00,-11.74,0.08333333333333333
2025-06-02 22:40:00+00:00,2025-06-02 22:45:00+00:00,-10.05,0.08333333333333333
2025-06-02 23:05:00+00:00,2025-06-02 23:05:00+00:00,-11.45,0.0
2025-06-02 23:25:00+00:00,2025-06-02 23:30:00+00:00,-10.76,0.08333333333333333
2025-06-03 03:00:00+00:00,2025-06-03 04:15:00+00:00,-11.36,1.25
2025-06-03 04:40:00+00:00,2025-06-03 05:20:00+00:00,-11.04,0.6666666666666666
2025-06-04 15:10:00+00:00,2025-06-04 15:10:00+00:00,-10.65,0.0
2025-06-04 15:25:00+00:00,2025-06-04 15:25:00+00:00,-10.44,0.0
2025-06-04 15:45:00+00:00,2025-06-04 15:45:00+00:00,-10.25,0.0
2025-06-07 20:00:00+00:00,2025-06-07 20:00:00+00:00,-10.78,0.0
2025-06-11 17:00:00+00:00,2025-06-11 17:05:00+00:00,-10.35,0.08333333333333333
2025-06-12 19:15:00+00:00,2025-06-12 19:25:00+00:00,-10.97,0.16666666666666666
2025-06-12 19:45:00+00:00,2025-06-12 19:50:00+00:00,-11.43,0.08333333333333333
2025-06-12 22:00:00+00:00,2025-06-12 22:25:00+00:00,-11.17,0.4166666666666667
2025-06-13 01:40:00+00:00,2025-06-13 01:55:00+00:00,-10.9,0.25
2025-06-13 02:05:00+00:00,2025-06-13 02:10:00+00:00,-10.38,0.08333333333333333
2025-06-13 03:10:00+00:00,2025-06-13 03:15:00+00:00,-10.46,0.08333333333333333
2025-06-13 04:15:00+00:00,2025-06-13 04:25:00+00:00,-11.5,0.16666666666666666
2025-06-13 05:30:00+00:00,2025-06-13 06:20:00+00:00,-11.38,0.8333333333333334
2025-06-13 06:30:00+00:00,2025-06-13 06:55:00+00:00,-11.73,0.4166666666666667
2025-06-13 07:20:00+00:00,2025-06-13 07:20:00+00:00,-10.34,0.0
2025-06-13 08:00:00+00:00,2025-06-13 08:20:00+00:00,-11.063333333333333,0.3333333333333333
2025-06-13 08:30:00+00:00,2025-06-13 08:35:00+00:00,-11.52,0.08333333333333333
2025-06-13 09:05:00+00:00,2025-06-13 09:05:00+00:00,-10.02,0.0
2025-06-13 09:15:00+00:00,2025-06-13 09:45:00+00:00,-10.79,0.5
2025-06-13 10:05:00+00:00,2025-06-13 10:05:00+00:00,-11.33,0.0
2025-06-13 10:20:00+00:00,2025-06-13 10:20:00+00:00,-10.57,0.0
2025-06-13 10:35:00+00:00,2025-06-13 10:55:00+00:00,-10.68,0.3333333333333333
2025-06-13 12:25:00+00:00,2025-06-13 12:25:00+00:00,-10.47,0.0
2025-06-13 12:40:00+00:00,2025-06-13 12:40:00+00:00,-10.45,0.0
2025-06-13 13:15:00+00:00,2025-06-13 13:25:00+00:00,-11.04,0.16666666666666666
2025-06-13 13:35:00+00:00,2025-06-13 13:35:00+00:00,-10.69,0.0
2025-06-13 14:05:00+00:00,2025-06-13 14:30:00+00:00,-11.44,0.4166666666666667
2025-06-13 15:10:00+00:00,2025-06-13 15:15:00+00:00,-11.32,0.08333333333333333
2025-06-13 16:00:00+00:00,2025-06-13 16:20:00+00:00,-10.76,0.3333333333333333
2025-06-13 17:20:00+00:00,2025-06-13 17:20:00+00:00,-10.15,0.0
2025-06-14 03:10:00+00:00,2025-06-14 03:10:00+00:00,-10.22,0.0
2025-06-25 20:55:00+00:00,2025-06-25 20:55:00+00:00,-10.52,0.0
2025-06-25 21:25:00+00:00,2025-06-25 21:25:00+00:00,-10.14,0.0
2025-07-03 13:05:00+00:00,2025-07-03 13:30:00+00:00,-11.74,0.4166666666666667
2025-07-06 11:10:00+00:00,2025-07-06 11:15:00+00:00,-10.53,0.08333333333333333
2025-07-06 23:25:00+00:00,2025-07-06 23:40:00+00:00,-11.38,0.25
2025-07-07 00:10:00+00:00,2025-07-07 00:15:00+00:00,-10.31,0.08333333333333333
2025-07-07 01:30:00+00:00,2025-07-07 01:55:00+00:00,-11.55,0.4166666666666667
2025-07-11 10:25:00+00:00,2025-07-11 10:25:00+00:00,-10.67,0.0
2025-07-22 18:45:00+00:00,2025-07-22 18:45:00+00:00,-10.22,0.0
2025-07-22 20:35:00+00:00,2025-07-22 20:35:00+00:00,-11.62,0.0
2025-07-26 13:00:00+00:00,2025-07-26 13:00:00+00:00,-10.26,0.0
2025-08-08 12:25:00+00:00,2025-08-08 12:25:00+00:00,-10.6,0.0
2025-08-08 14:15:00+00:00,2025-08-08 14:15:00+00:00,-10.76,0.0
2025-08-08 17:25:00+00:00,2025-08-08 17:40:00+00:00,-11.62,0.25
2025-08-08 20:10:00+00:00,2025-08-08 20:15:00+00:00,-11.44,0.08333333333333333
2025-08-09 00:45:00+00:00,2025-08-09 00:45:00+00:00,-10.56,0.0
2025-08-09 04:25:00+00:00,2025-08-09 04:40:00+00:00,-11.29,0.25
2025-08-09 11:50:00+00:00,2025-08-09 11:50:00+00:00,-10.07,0.0
2025-08-09 15:00:00+00:00,2025-08-09 15:00:00+00:00,-10.07,0.0
2025-09-02 00:05:00+00:00,2025-09-02 00:05:00+00:00,-10.14,0.0
2025-09-02 00:45:00+00:00,2025-09-02 00:45:00+00:00,-11.31,0.0
2025-09-02 19:45:00+00:00,2025-09-02 20:25:00+00:00,-11.64,0.6666666666666666
2025-09-14 22:45:00+00:00,2025-09-14 23:00:00+00:00,-11.58,0.25
2025-09-14 23:30:00+00:00,2025-09-14 23:50:00+00:00,-10.65,0.3333333333333333
2025-09-15 00:50:00+00:00,2025-09-15 01:00:00+00:00,-11.15,0.16666666666666666
2025-09-15 01:30:00+00:00,2025-09-15 01:30:00+00:00,-10.24,0.0
2025-09-15 09:30:00+00:00,2025-09-15 09:30:00+00:00,-10.04,0.0
2025-09-15 11:05:00+00:00,2025-09-15 11:05:00+00:00,-11.41,0.0
2025-09-15 11:55:00+00:00,2025-09-15 12:00:00+00:00,-11.09,0.08333333333333333
2025-09-15 12:10:00+00:00,2025-09-15 12:20:00+00:00,-11.59,0.16666666666666666
2025-09-29 03:40:00+00:00,2025-09-29 03:40:00+00:00,-10.94,0.0
2025-09-29 05:50:00+00:00,2025-09-29 06:55:00+00:00,-11.647142857142857,1.0833333333333333
2025-09-29 07:10:00+00:00,2025-09-29 08:55:00+00:00,-11.69,1.75
2025-09-30 01:50:00+00:00,2025-09-30 01:55:00+00:00,-11.64,0.08333333333333333
2025-09-30 03:05:00+00:00,2025-09-30 03:05:00+00:00,-10.03,0.0
2025-09-30 06:55:00+00:00,2025-09-30 06:55:00+00:00,-11.18,0.0
2025-10-11 12:30:00+00:00,2025-10-11 13:10:00+00:00,-11.64,0.6666666666666666
2025-10-17 10:35:00+00:00,2025-10-17 10:40:00+00:00,-11.22,0.08333333333333333
2025-10-18 06:35:00+00:00,2025-10-18 07:00:00+00:00,-11.7,0.4166666666666667
2025-10-18 07:30:00+00:00,2025-10-18 07:35:00+00:00,-11.24,0.08333333333333333
2025-10-18 08:20:00+00:00,2025-10-18 08:20:00+00:00,-10.9,0.0
2025-10-30 10:55:00+00:00,2025-10-30 11:15:00+00:00,-11.307142857142857,0.3333333333333333
2025-10-30 11:30:00+00:00,2025-10-30 11:30:00+00:00,-11.47,0.0
2025-11-05 19:20:00+00:00,2025-11-05 19:25:00+00:00,-10.3,0.08333333333333333
2025-11-05 22:05:00+00:00,2025-11-05 22:10:00+00:00,-10.37,0.08333333333333333
2025-11-05 22:25:00+00:00,2025-11-05 23:00:00+00:00,-11.507142857142858,0.5833333333333334
2025-11-05 23:15:00+00:00,2025-11-05 23:35:00+00:00,-11.64,0.3333333333333333
2025-11-06 01:30:00+00:00,2025-11-06 01:40:00+00:00,-11.51,0.16666666666666666
2025-11-06 02:25:00+00:00,2025-11-06 02:25:00+00:00,-10.19,0.0
2025-11-06 02:35:00+00:00,2025-11-06 02:40:00+00:00,-11.03,0.08333333333333333
2025-11-06 02:50:00+00:00,2025-11-06 02:50:00+00:00,-10.24,0.0
2025-11-06 03:00:00+00:00,2025-11-06 03:00:00+00:00,-10.6,0.0
2025-11-06 03:25:00+00:00,2025-11-06 04:10:00+00:00,-11.6,0.75
2025-11-06 04:20:00+00:00,2025-11-06 05:30:00+00:00,-11.54,1.1666666666666667
2025-11-07 06:15:00+00:00,2025-11-07 06:15:00+00:00,-10.55,0.0
2025-11-12 07:45:00+00:00,2025-11-12 07:45:00+00:00,-10.21,0.0
2025-11-12 09:20:00+00:00,2025-11-12 09:20:00+00:00,-10.04,0.0
2025-11-13 00:05:00+00:00,2025-11-13 00:10:00+00:00,-11.41,0.08333333333333333
2025-11-24 12:10:00+00:00,2025-11-24 12:10:00+00:00,-10.79,0.0
2025-12-03 17:55:00+00:00,2025-12-03 18:15:00+00:00,-11.59,0.3333333333333333
2025-12-03 21:45:00+00:00,2025-12-03 21:50:00+00:00,-11.39,0.08333333333333333
2025-12-04 02:05:00+00:00,2025-12-04 02:05:00+00:00,-10.67,0.0
2025-12-04 04:00:00+00:00,2025-12-04 04:00:00+00:00,-10.64,0.0
2025-12-10 23:45:00+00:00,2025-12-10 23:45:00+00:00,-10.35,0.0
2025-12-11 00:05:00+00:00,2025-12-11 00:20:00+00:00,-11.69,0.25
2025-12-11 01:05:00+00:00,2025-12-11 01:05:00+00:00,-10.8,0.0
2025-12-11 02:05:00+00:00,2025-12-11 02:10:00+00:00,-11.14,0.08333333333333333
2025-12-11 02:45:00+00:00,2025-12-11 02:45:00+00:00,-10.1,0.0
2025-12-11 15:00:00+00:00,2025-12-11 15:25:00+00:00,-11.44,0.4166666666666667
2025-12-11 17:15:00+00:00,2025-12-11 17:20:00+00:00,-10.07,0.08333333333333333
2025-12-11 17:30:00+00:00,2025-12-11 17:40:00+00:00,-11.08,0.16666666666666666
2025-12-11 18:00:00+00:00,2025-12-11 18:00:00+00:00,-10.07,0.0
2025-12-12 16:20:00+00:00,2025-12-12 16:20:00+00:00,-10.96,0.0
2025-12-12 17:35:00+00:00,2025-12-12 17:35:00+00:00,-10.63,0.0
2025-12-12 17:45:00+00:00,2025-12-12 17:50:00+00:00,-10.74,0.08333333333333333
2025-12-12 18:10:00+00:00,2025-12-12 18:30:00+00:00,-11.46,0.3333333333333333
2025-12-12 19:30:00+00:00,2025-12-12 19:45:00+00:00,-11.21,0.25
2025-12-12 20:15:00+00:00,2025-12-12 20:15:00+00:00,-11.37,0.0
2025-12-12 21:55:00+00:00,2025-12-12 22:00:00+00:00,-10.74,0.08333333333333333
2025-12-12 23:35:00+00:00,2025-12-12 23:45:00+00:00,-11.57,0.16666666666666666
2025-12-21 14:30:00+00:00,2025-12-21 14:30:00+00:00,-10.27,0.0
2025-12-21 19:00:00+00:00,2025-12-21 19:00:00+00:00,-10.12,0.0
